ID,Groups,Description,Baseline [02-12 23:05],[02-19 14:48],[06-05 10:51]
TRV-PROJ-2,Basic Project Traversal,Non-recursive scan only finds top-level projects [2026-06-30],--/OK,--/OK,X/OK
BB-RUN-39,ToolRunner --nested mode,--nested takes priority over wiring (no lazy wire) [2026-02-22],--/OK,--/OK,X/OK
BB-RUN-37,ToolRunner --nested mode,--nested single-command tool runs default executor [2026-02-22],--/OK,--/OK,X/OK
BB-RUN-36,ToolRunner --nested mode,--nested runs only first command in multi-command [2026-02-22],--/OK,--/OK,X/OK
BB-RUN-35,ToolRunner --nested mode,--nested uses default command when available [2026-02-22],--/OK,--/OK,X/OK
BB-RUN-29,ToolRunner --nested mode,--nested routes command to executeWithoutTraversal [2026-02-22],--/OK,--/OK,X/OK
,,(setUpAll),--/OK,--/OK,X/OK
,MacroExpander > BB-MAC-09: multiple macros in args,expands multiple macros in sequence,--/OK,OK/OK,OK/OK
BB-RUN-3,ItemResult > success factory,Creates success result [2026-02-12],OK/OK,OK/OK,OK/OK
BB-CMP-3,CompletionGenerator.generateBash,Includes completion function [2026-02-12],OK/OK,OK/OK,OK/OK
BB-HLP-3,HelpGenerator > generateToolHelp,Includes usage for multi-command tool [2026-02-12],OK/OK,OK/OK,OK/OK
BB-CMD-3,CommandDefinition > constructor,Creates command with all fields [2026-02-12],OK/OK,OK/OK,OK/OK
BB-RUN-4,ItemResult > failure factory,Creates failure result [2026-02-12],OK/OK,OK/OK,OK/OK
BB-CMP-4,CompletionGenerator.generateBash,Includes commands [2026-02-12],OK/OK,OK/OK,OK/OK
BB-RUN-5,ToolResult > constructor,Creates result with defaults [2026-02-12],OK/OK,OK/OK,OK/OK
BB-CMD-4,CommandDefinition > allOptions,Returns only command options when no traversal support [2026-02-12],OK/OK,OK/OK,OK/OK
BB-HLP-4,HelpGenerator > generateToolHelp,Includes usage for single-command tool [2026-02-12],OK/OK,OK/OK,OK/OK
BB-CMP-5,CompletionGenerator.generateBash,Includes command aliases [2026-02-12],OK/OK,OK/OK,OK/OK
BB-RUN-6,ToolResult > constructor,Creates result with all fields [2026-02-12],OK/OK,OK/OK,OK/OK
BB-HLP-5,HelpGenerator > generateToolHelp,Lists global options [2026-02-12],OK/OK,OK/OK,OK/OK
BB-CMP-6,CompletionGenerator.generateBash,Includes global options [2026-02-12],OK/OK,OK/OK,OK/OK
BB-CMD-5,CommandDefinition > allOptions,Includes project traversal options when supported [2026-02-12],OK/OK,OK/OK,OK/OK
BB-RUN-7,ToolResult > success factory,Creates success result [2026-02-12],OK/OK,OK/OK,OK/OK
BB-HLP-6,HelpGenerator > generateToolHelp,Lists commands [2026-02-12],OK/OK,OK/OK,OK/OK
BB-CMD-6,CommandDefinition > allOptions,Includes git traversal options when supported [2026-02-12],OK/OK,OK/OK,OK/OK
BB-CLI-1,CliArgs > constructor,Creates args with defaults [2026-02-12],OK/OK,OK/OK,OK/OK
BB-CMP-7,CompletionGenerator.generateBash,Includes command-specific options [2026-02-12],OK/OK,OK/OK,OK/OK
BB-RUN-8,ToolResult > success factory,Creates success with item results [2026-02-12],OK/OK,OK/OK,OK/OK
BB-HLP-7,HelpGenerator > generateToolHelp,Shows command aliases [2026-02-12],OK/OK,OK/OK,OK/OK
BB-CMD-7,CommandDefinition > allOptions,Includes both traversal types when supported [2026-02-12],OK/OK,OK/OK,OK/OK
BB-CLI-2,CliArgs > effectiveRecursive,effectiveRecursive true when recursive set [2026-02-12],OK/OK,OK/OK,OK/OK
BB-RUN-9,ToolResult > failure factory,Creates failure result [2026-02-12],OK/OK,OK/OK,OK/OK
BB-CMP-8,CompletionGenerator.generateBash,Registers completion [2026-02-12],OK/OK,OK/OK,OK/OK
BB-HLP-8,HelpGenerator > generateToolHelp,Excludes hidden commands [2026-02-12],OK/OK,OK/OK,OK/OK
BB-CMD-8,CommandDefinition > allOptions,Command options come first [2026-02-12],OK/OK,OK/OK,OK/OK
BB-CLI-3,CliArgs > effectiveRecursive,effectiveRecursive false when both flags set [2026-02-12],OK/OK,OK/OK,OK/OK
BB-HLP-9,HelpGenerator > generateToolHelp,Includes help footer [2026-02-12],OK/OK,OK/OK,OK/OK
BB-CLI-4,CliArgs > effectiveRecursive,effectiveRecursive false when not recursive [2026-02-12],OK/OK,OK/OK,OK/OK
BB-HLP-10,HelpGenerator > generateToolHelp,Shows command help hint [2026-02-12],OK/OK,OK/OK,OK/OK
BB-CMP-9,CompletionGenerator.generateBash,Handles tool with no commands [2026-02-12],OK/OK,OK/OK,OK/OK
BB-CMD-9,CommandDefinition > usage,Generates usage without aliases [2026-02-12],OK/OK,OK/OK,OK/OK
BB-RUN-10,ToolResult > fromItems factory,Creates result from all successful items [2026-02-12],OK/OK,OK/OK,OK/OK
BB-CLI-5,CliArgs > isHelpOrVersion,isHelpOrVersion true when help set [2026-02-12],OK/OK,OK/OK,OK/OK
BB-CMD-10,CommandDefinition > usage,Generates usage with single alias [2026-02-12],OK/OK,OK/OK,OK/OK
BB-HLP-11,HelpGenerator > generateCommandHelp,Includes command name [2026-02-12],OK/OK,OK/OK,OK/OK
BB-CMP-10,CompletionGenerator.generateZsh,Generates zsh completion script [2026-02-12],OK/OK,OK/OK,OK/OK
BB-RUN-11,ToolResult > fromItems factory,Creates result from mixed items [2026-02-12],OK/OK,OK/OK,OK/OK
BB-CLI-6,CliArgs > isHelpOrVersion,isHelpOrVersion true when version set [2026-02-12],OK/OK,OK/OK,OK/OK
BB-CMD-11,CommandDefinition > usage,Generates usage with multiple aliases [2026-02-12],OK/OK,OK/OK,OK/OK
BB-HLP-12,HelpGenerator > generateCommandHelp,Includes command description [2026-02-12],OK/OK,OK/OK,OK/OK
BB-CMP-11,CompletionGenerator.generateZsh,Includes commands array [2026-02-12],OK/OK,OK/OK,OK/OK
BB-RUN-12,ToolResult > fromItems factory,Creates result from all failed items [2026-02-12],OK/OK,OK/OK,OK/OK
BB-CLI-7,CliArgs > isHelpOrVersion,isHelpOrVersion false when neither set [2026-02-12],OK/OK,OK/OK,OK/OK
BB-CMD-12,CommandDefinition > toString,Returns descriptive string [2026-02-12],OK/OK,OK/OK,OK/OK
BB-CMP-12,CompletionGenerator.generateZsh,Includes global options array [2026-02-12],OK/OK,OK/OK,OK/OK
BB-HLP-13,HelpGenerator > generateCommandHelp,Shows aliases [2026-02-12],OK/OK,OK/OK,OK/OK
BB-RUN-13,ToolResult > fromItems factory,Creates result from empty items [2026-02-12],OK/OK,OK/OK,OK/OK
BB-CLI-8,CliArgs > toProjectTraversalInfo,Converts basic args to ProjectTraversalInfo [2026-02-12],OK/OK,OK/OK,OK/OK
BB-CMP-13,CompletionGenerator.generateZsh,Includes completion function [2026-02-12],OK/OK,OK/OK,OK/OK
BB-HLP-14,HelpGenerator > generateCommandHelp,Lists command options [2026-02-12],OK/OK,OK/OK,OK/OK
BB-CMD-13,Command with nature requirements,Can specify required natures [2026-02-12],OK/OK,OK/OK,OK/OK
BB-CLI-9,CliArgs > toProjectTraversalInfo,Uses root from args if provided [2026-02-12],OK/OK,OK/OK,OK/OK
BB-RUN-14,ToolRunner > constructor,Creates runner with required fields [2026-02-12],OK/OK,OK/OK,OK/OK
BB-CMD-14,Command with nature requirements,Null required natures means any folder [2026-02-12],OK/OK,OK/OK,OK/OK
BB-CMP-14,CompletionGenerator.generateZsh,Includes command-specific options [2026-02-12],OK/OK,OK/OK,OK/OK
BB-HLP-15,HelpGenerator > generateCommandHelp,Lists project traversal options when supported [2026-02-12],OK/OK,OK/OK,OK/OK
BB-CMD-15,Command with nature requirements,Empty required natures is different from null [2026-02-12],OK/OK,OK/OK,OK/OK
BB-RUN-15,ToolRunner > constructor,Creates runner with executors [2026-02-12],OK/OK,OK/OK,OK/OK
BB-CMP-15,CompletionGenerator.generateZsh,Calls completion function [2026-02-12],OK/OK,OK/OK,OK/OK
BB-CLI-10,CliArgs > toProjectTraversalInfo,Respects notRecursive override [2026-02-12],OK/OK,OK/OK,OK/OK
BB-HLP-16,HelpGenerator > generateCommandHelp,Lists git traversal options when supported [2026-02-12],OK/OK,OK/OK,OK/OK
BB-CMP-16,CompletionGenerator.generateFish,Generates fish completion script [2026-02-12],OK/OK,OK/OK,OK/OK
BB-CLI-11,CliArgs > toProjectTraversalInfo,Defaults scan to current directory [2026-02-12],OK/OK,OK/OK,OK/OK
BB-HLP-17,HelpGenerator > generateCommandHelp,Mentions per-command filter support [2026-02-12],OK/OK,OK/OK,OK/OK
BB-CMP-17,CompletionGenerator.generateFish,Disables file completion [2026-02-12],OK/OK,OK/OK,OK/OK
BB-CLI-12,CliArgs > toGitTraversalInfo,Converts basic args to GitTraversalInfo [2026-02-12],OK/OK,OK/OK,OK/OK
BB-RUN-16,ToolRunner > run,Shows tool help for --help [2026-02-12],OK/OK,OK/OK,OK/OK
BB-CMP-18,CompletionGenerator.generateFish,Includes commands [2026-02-12],OK/OK,OK/OK,OK/OK
BB-HLP-18,HelpGenerator > generateCommandHelp,Lists examples [2026-02-12],OK/OK,OK/OK,OK/OK
BB-TDF-1,ToolMode,Has three values [2026-02-12],OK/OK,OK/OK,OK/OK
BB-RUN-17,ToolRunner > run,Shows version for --version [2026-02-12],OK/OK,OK/OK,OK/OK
BB-CMP-19,CompletionGenerator.generateFish,Includes global options [2026-02-12],OK/OK,OK/OK,OK/OK
BB-HLP-19,HelpGenerator > generateCommandHelp,Uses tool name in usage [2026-02-12],OK/OK,OK/OK,OK/OK
BB-CLI-14,CliArgs > toGitTraversalInfo,Uses outerFirst when specified [2026-02-12],OK/OK,OK/OK,OK/OK
BB-HLP-20,HelpGenerator > generateUsageSummary,Shows basic usage [2026-02-12],OK/OK,OK/OK,OK/OK
BB-CMP-20,CompletionGenerator.generateFish,Includes command-specific options [2026-02-12],OK/OK,OK/OK,OK/OK
BB-RUN-18,ToolRunner > run,Shows command help for :command --help [2026-02-12],OK/OK,OK/OK,OK/OK
BB-HLP-21,HelpGenerator > generateUsageSummary,Shows commands for multi-command tool [2026-02-12],OK/OK,OK/OK,OK/OK
BB-CLI-15,PerCommandArgs,Creates PerCommandArgs with defaults [2026-02-12],OK/OK,OK/OK,OK/OK
BB-CMP-21,ToolDefinitionCompletion extension,GenerateCompletion returns bash script [2026-02-12],OK/OK,OK/OK,OK/OK
BB-RUN-19,ToolRunner > run,Finds command by alias [2026-02-12],OK/OK,OK/OK,OK/OK
BB-HLP-22,HelpGenerator > generateUsageSummary,Truncates command list [2026-02-12],OK/OK,OK/OK,OK/OK
BB-CMP-22,ToolDefinitionCompletion extension,GenerateCompletion returns zsh script [2026-02-12],OK/OK,OK/OK,OK/OK
BB-CLI-16,PerCommandArgs,Creates PerCommandArgs with all fields [2026-02-12],OK/OK,OK/OK,OK/OK
BB-HLP-23,HelpGenerator > generateOptionHelp,Formats flag option [2026-02-12],OK/OK,OK/OK,OK/OK
BB-CMP-23,ToolDefinitionCompletion extension,GenerateCompletion returns fish script [2026-02-12],OK/OK,OK/OK,OK/OK
BB-RUN-20,ToolRunner > run,Returns error for unknown command [2026-02-12],OK/OK,OK/OK,OK/OK
BB-HLP-24,HelpGenerator > generateOptionHelp,Formats option with value [2026-02-12],OK/OK,OK/OK,OK/OK
BB-CLI-17,CliArgParser > long options,Parses --help [2026-02-12],OK/OK,OK/OK,OK/OK
BB-RUN-21,ToolRunner > run,Shows usage when no command specified [2026-02-12],OK/OK,OK/OK,OK/OK
BB-CMP-24,Edge cases,Handles options without abbreviations [2026-02-12],OK/OK,OK/OK,OK/OK
BB-HLP-25,HelpGenerator > generateOptionHelp,Includes default value [2026-02-12],OK/OK,OK/OK,OK/OK
BB-CLI-18,CliArgParser > long options,Parses --version [2026-02-12],OK/OK,OK/OK,OK/OK
BB-CMP-25,Edge cases,Handles descriptions with special characters [2026-02-12],OK/OK,OK/OK,OK/OK
BB-CLI-19,CliArgParser > long options,Parses --verbose [2026-02-12],OK/OK,OK/OK,OK/OK
BB-RUN-22,ToolRunner > run,Executes command without traversal [2026-02-12],OK/OK,OK/OK,OK/OK
BB-RUN-1,ItemResult > constructor,Creates result with required fields [2026-02-12],OK/OK,OK/OK,OK/OK
BB-RUN-23,ToolRunner > run,Returns error when no executor for command [2026-02-12],OK/OK,OK/OK,OK/OK
BB-CMP-27,Edge cases,Handles empty options and commands [2026-02-12],OK/OK,OK/OK,OK/OK
BB-CLI-20,CliArgParser > long options,Parses --dry-run [2026-02-12],OK/OK,OK/OK,OK/OK
BB-CMP-28,Helper method tests,_getCommandsStr includes commands and aliases [2026-02-12],OK/OK,OK/OK,OK/OK
BB-CLI-21,CliArgParser > long options,Parses --recursive [2026-02-12],OK/OK,OK/OK,OK/OK
BB-RUN-24,CommandExecutor,Base class has default executeWithoutTraversal [2026-02-12],OK/OK,OK/OK,OK/OK
BB-CLI-22,CliArgParser > long options,Parses --not-recursive [2026-02-12],OK/OK,OK/OK,OK/OK
BB-CMP-29,Helper method tests,_getGlobalOptsStr includes all global options [2026-02-12],OK/OK,OK/OK,OK/OK
BB-CLI-23,CliArgParser > long options,Parses --scan with = value [2026-02-12],OK/OK,OK/OK,OK/OK
BB-CMP-30,Helper method tests,_getCommandOptsStr includes command options [2026-02-12],OK/OK,OK/OK,OK/OK
BB-CLI-24,CliArgParser > long options,Parses --scan with space value [2026-02-12],OK/OK,OK/OK,OK/OK
BB-CLI-25,CliArgParser > long options,Parses --exclude with multiple values [2026-02-12],OK/OK,OK/OK,OK/OK
BB-CLI-26,CliArgParser > long options,Parses --exclude with comma-separated values [2026-02-12],OK/OK,OK/OK,OK/OK
BB-CLI-27,CliArgParser > long options,Parses --project patterns [2026-02-12],OK/OK,OK/OK,OK/OK
BB-CLI-28,CliArgParser > long options,Parses --modules [2026-02-12],OK/OK,OK/OK,OK/OK
BB-CLI-29,CliArgParser > long options,Parses --skip-modules [2026-02-12],OK/OK,OK/OK,OK/OK
BB-CLI-30,CliArgParser > long options,Parses --inner-first-git [2026-02-12],OK/OK,OK/OK,OK/OK
BB-CLI-31,CliArgParser > long options,Parses --outer-first-git [2026-02-12],OK/OK,OK/OK,OK/OK
BB-CLI-32,CliArgParser > long options,Parses --build-order [2026-02-12],OK/OK,OK/OK,OK/OK
BB-CLI-33,CliArgParser > short options,Parses -h [2026-02-12],OK/OK,OK/OK,OK/OK
BB-CLI-34,CliArgParser > short options,Parses -V [2026-02-12],OK/OK,OK/OK,OK/OK
BB-CLI-35,CliArgParser > short options,Parses -v [2026-02-12],OK/OK,OK/OK,OK/OK
BB-CLI-36,CliArgParser > short options,Parses -r [2026-02-12],OK/OK,OK/OK,OK/OK
BB-CLI-37,CliArgParser > short options,Parses -s with value [2026-02-12],OK/OK,OK/OK,OK/OK
BB-CLI-38,CliArgParser > short options,Parses -s with attached value [2026-02-12],OK/OK,OK/OK,OK/OK
BB-CLI-39,CliArgParser > short options,Parses -x [2026-02-12],OK/OK,OK/OK,OK/OK
BB-CLI-40,CliArgParser > short options,Parses -p [2026-02-12],OK/OK,OK/OK,OK/OK
BB-CLI-41,CliArgParser > short options,Parses -m [2026-02-12],OK/OK,OK/OK,OK/OK
BB-CLI-42,CliArgParser > short options,Parses -i [2026-02-12],OK/OK,OK/OK,OK/OK
BB-CLI-43,CliArgParser > short options,Parses -o [2026-02-12],OK/OK,OK/OK,OK/OK
BB-CLI-44,CliArgParser > short options,Parses -b [2026-02-12],OK/OK,OK/OK,OK/OK
BB-CLI-45,CliArgParser > short options,Parses -n [2026-02-12],OK/OK,OK/OK,OK/OK
BB-CLI-46,CliArgParser > short options,Parses -l [2026-02-12],OK/OK,OK/OK,OK/OK
BB-CLI-47,CliArgParser > short options,Parses -f [2026-02-12],OK/OK,OK/OK,OK/OK
BB-CLI-48,CliArgParser > bundled short options,Parses -rv bundled [2026-02-12],OK/OK,OK/OK,OK/OK
BB-CLI-49,CliArgParser > bundled short options,Parses -rvb bundled [2026-02-12],OK/OK,OK/OK,OK/OK
BB-CLI-50,CliArgParser > commands,Parses single command [2026-02-12],OK/OK,OK/OK,OK/OK
BB-CLI-51,CliArgParser > commands,Parses multiple commands [2026-02-12],OK/OK,OK/OK,OK/OK
BB-CLI-52,CliArgParser > commands,Parses command with options [2026-02-12],OK/OK,OK/OK,OK/OK
BB-CLI-53,CliArgParser > per-command options,Parses per-command --project [2026-02-12],OK/OK,OK/OK,OK/OK
BB-CLI-54,CliArgParser > per-command options,Parses per-command --exclude [2026-02-12],OK/OK,OK/OK,OK/OK
BB-CLI-55,CliArgParser > per-command options,Parses per-command custom options [2026-02-12],OK/OK,OK/OK,OK/OK
BB-CLI-56,CliArgParser > per-command options,Parses multiple commands with per-command options [2026-02-12],OK/OK,OK/OK,OK/OK
BB-CLI-57,CliArgParser > positional arguments,Captures positional args at start [2026-02-12],OK/OK,OK/OK,OK/OK
BB-CLI-58,CliArgParser > positional arguments,Captures positional args before options [2026-02-12],OK/OK,OK/OK,OK/OK
BB-CLI-59,CliArgParser > positional arguments,Captures positional args before commands [2026-02-12],OK/OK,OK/OK,OK/OK
BB-CLI-60,CliArgParser > extra options,Captures unknown options [2026-02-12],OK/OK,OK/OK,OK/OK
BB-CLI-61,CliArgParser > extra options,Captures unknown options with values [2026-02-12],OK/OK,OK/OK,OK/OK
BB-CLI-62,CliArgParser > complex command lines,Parses buildkit-style command [2026-02-12],OK/OK,OK/OK,OK/OK
BB-CLI-63,CliArgParser > complex command lines,Parses testkit-style command [2026-02-12],OK/OK,OK/OK,OK/OK
BB-CLI-64,CliArgParser > complex command lines,Parses git command line [2026-02-12],OK/OK,OK/OK,OK/OK
BB-CMP-26,Edge cases,Handles multiple command aliases [2026-02-12],OK/OK,OK/OK,OK/OK
BB-TDF-2,NavigationFeatures > constructor,Creates features with defaults [2026-02-12],OK/OK,OK/OK,OK/OK
BB-TDF-3,NavigationFeatures > constructor,Creates features with all fields [2026-02-12],OK/OK,OK/OK,OK/OK
BB-TDF-4,NavigationFeatures > predefined constants,All has all features enabled [2026-02-12],OK/OK,OK/OK,OK/OK
BB-TDF-5,NavigationFeatures > predefined constants,Minimal has only verbose enabled [2026-02-12],OK/OK,OK/OK,OK/OK
BB-TDF-6,NavigationFeatures > predefined constants,ProjectTool has project traversal enabled [2026-02-12],OK/OK,OK/OK,OK/OK
BB-TDF-7,NavigationFeatures > predefined constants,GitTool has git traversal enabled [2026-02-12],OK/OK,OK/OK,OK/OK
BB-OPT-1,OptionType,OptionType has three values [2026-02-12],OK/OK,OK/OK,OK/OK
BB-TDF-8,NavigationFeatures > toString,Lists enabled features [2026-02-12],OK/OK,OK/OK,OK/OK
BB-TDF-9,NavigationFeatures > toString,Handles no features enabled [2026-02-12],OK/OK,OK/OK,OK/OK
BB-OPT-2,OptionDefinition > constructor,Creates option with required fields [2026-02-12],OK/OK,OK/OK,OK/OK
BB-OPT-3,OptionDefinition > constructor,Creates option with all fields [2026-02-12],OK/OK,OK/OK,OK/OK
BB-TDF-10,ToolDefinition > constructor,Creates tool with required fields [2026-02-12],OK/OK,OK/OK,OK/OK
BB-OPT-4,OptionDefinition > flag factory,Creates flag with minimal fields [2026-02-12],OK/OK,OK/OK,OK/OK
BB-TDF-11,ToolDefinition > constructor,Creates tool with all fields [2026-02-12],OK/OK,OK/OK,OK/OK
BB-OPT-5,OptionDefinition > flag factory,Creates negatable flag [2026-02-12],OK/OK,OK/OK,OK/OK
BB-TDF-12,ToolDefinition > findCommand,Finds command by name [2026-02-12],OK/OK,OK/OK,OK/OK
BB-OPT-6,OptionDefinition > flag factory,Creates flag with default value [2026-02-12],OK/OK,OK/OK,OK/OK
BB-TDF-13,ToolDefinition > findCommand,Finds command by alias [2026-02-12],OK/OK,OK/OK,OK/OK
BB-OPT-7,OptionDefinition > flag factory,Creates hidden flag [2026-02-12],OK/OK,OK/OK,OK/OK
BB-TDF-14,ToolDefinition > findCommand,Returns null for unknown command [2026-02-12],OK/OK,OK/OK,OK/OK
BB-OPT-8,OptionDefinition > option factory,Creates single-value option [2026-02-12],OK/OK,OK/OK,OK/OK
BB-OPT-9,OptionDefinition > option factory,Creates option with all fields [2026-02-12],OK/OK,OK/OK,OK/OK
BB-TDF-15,ToolDefinition > visibleCommands,Returns non-hidden commands [2026-02-12],OK/OK,OK/OK,OK/OK
BB-OPT-10,OptionDefinition > multi factory,Creates multi-value option [2026-02-12],OK/OK,OK/OK,OK/OK
BB-TDF-16,ToolDefinition > visibleCommands,Returns empty list when all hidden [2026-02-12],OK/OK,OK/OK,OK/OK
BB-OPT-11,OptionDefinition > multi factory,Creates multi-value option with all fields [2026-02-12],OK/OK,OK/OK,OK/OK
BB-OPT-12,OptionDefinition > usage,Generates usage for flag without abbr [2026-02-12],OK/OK,OK/OK,OK/OK
BB-TDF-17,ToolDefinition > allGlobalOptions,Includes custom global options [2026-02-12],OK/OK,OK/OK,OK/OK
BB-TDF-18,ToolDefinition > allGlobalOptions,Includes common options [2026-02-12],OK/OK,OK/OK,OK/OK
BB-OPT-13,OptionDefinition > usage,Generates usage for flag with abbr [2026-02-12],OK/OK,OK/OK,OK/OK
BB-TDF-19,ToolDefinition > allGlobalOptions,Includes dry-run when feature enabled [2026-02-12],OK/OK,OK/OK,OK/OK
BB-OPT-14,OptionDefinition > usage,Generates usage for option with value name [2026-02-12],OK/OK,OK/OK,OK/OK
BB-TDF-20,ToolDefinition > allGlobalOptions,Dry-run is always present via commonOptions [2026-02-12],OK/OK,OK/OK,OK/OK
BB-OPT-15,OptionDefinition > usage,Generates usage for option without abbr [2026-02-12],OK/OK,OK/OK,OK/OK
BB-TDF-21,ToolDefinition > allGlobalOptions,Includes json when feature enabled [2026-02-12],OK/OK,OK/OK,OK/OK
BB-OPT-16,OptionDefinition > usage,Generates usage for multi option [2026-02-12],OK/OK,OK/OK,OK/OK
BB-TDF-22,ToolDefinition > allGlobalOptions,Includes interactive when feature enabled [2026-02-12],OK/OK,OK/OK,OK/OK
BB-TDF-23,ToolDefinition > toString,Returns descriptive string [2026-02-12],OK/OK,OK/OK,OK/OK
BB-OPT-17,OptionDefinition > toString,Returns descriptive string [2026-02-12],OK/OK,OK/OK,OK/OK
BB-OPT-18,Standard option definitions,projectTraversalOptions contains expected options [2026-02-12],OK/OK,OK/OK,OK/OK
BB-TDF-24,Complete tool definition,Creates realistic tool definition [2026-02-12],OK/OK,OK/OK,OK/OK
BB-OPT-19,Standard option definitions,Scan option has correct attributes [2026-02-12],OK/OK,OK/OK,OK/OK
BB-OPT-20,Standard option definitions,Recursive option is a flag [2026-02-12],OK/OK,OK/OK,OK/OK
BB-OPT-21,Standard option definitions,Project option is multi-value [2026-02-12],OK/OK,OK/OK,OK/OK
BB-OPT-22,Standard option definitions,gitTraversalOptions contains expected options [2026-02-12],OK/OK,OK/OK,OK/OK
BB-OPT-23,Standard option definitions,Modules option has correct attributes [2026-02-12],OK/OK,OK/OK,OK/OK
BB-OPT-24,Standard option definitions,Inner-first-git option is a flag [2026-02-12],OK/OK,OK/OK,OK/OK
BB-OPT-25,Standard option definitions,commonOptions contains exclude option [2026-02-12],OK/OK,OK/OK,OK/OK
BB-OPT-26,Standard option definitions,Exclude option is multi-value [2026-02-12],OK/OK,OK/OK,OK/OK
TRV-EDGE-3,Edge Cases,Concurrent traversals use separate state [2026-06-30],--/OK,--/OK,OK/OK
TRV-EDGE-2,Edge Cases,Non-existent scan path returns empty results [2026-06-30],--/OK,--/OK,OK/OK
TRV-EDGE-1,Edge Cases,Empty scan directory returns empty results [2026-06-30],--/OK,--/OK,OK/OK
TRV-RES-3,ProcessingResult Tracking,Tracks errors correctly [2026-06-30],--/OK,--/OK,OK/OK
TRV-RES-2,ProcessingResult Tracking,Tracks failures correctly [2026-06-30],--/OK,--/OK,OK/OK
TRV-RES-1,ProcessingResult Tracking,Tracks successes correctly [2026-06-30],--/OK,--/OK,OK/OK
BB-TRV-1,GitTraversalMode,Has two values [2026-02-12],OK/OK,OK/OK,OK/OK
TRV-EXT-8,External Process Traversal,Positional args are captured correctly [2026-06-30],--/OK,--/OK,OK/OK
BB-TRV-2,ProjectTraversalInfo > constructor,Creates info with required fields [2026-02-12],OK/OK,OK/OK,OK/OK
BB-TRV-3,ProjectTraversalInfo > constructor,Creates info with all fields [2026-02-12],OK/OK,OK/OK,OK/OK
BB-TRV-4,ProjectTraversalInfo > copyWith,Copies with no changes [2026-02-12],OK/OK,OK/OK,OK/OK
BB-TRV-5,ProjectTraversalInfo > copyWith,Copies with changed executionRoot [2026-02-12],OK/OK,OK/OK,OK/OK
TRV-EXT-7,External Process Traversal,External tool reports natures for each folder [2026-06-30],--/OK,--/OK,OK/OK
BB-TRV-6,ProjectTraversalInfo > copyWith,Copies with changed scan [2026-02-12],OK/OK,OK/OK,OK/OK
TRV-EXT-6,External Process Traversal,Parsed args accurately reflect CLI input [2026-06-30],--/OK,--/OK,OK/OK
BB-TRV-7,ProjectTraversalInfo > copyWith,Copies with changed recursive [2026-02-12],OK/OK,OK/OK,OK/OK
BB-TRV-8,ProjectTraversalInfo > copyWith,Copies with changed projectPatterns [2026-02-12],OK/OK,OK/OK,OK/OK
BB-TRV-9,ProjectTraversalInfo > copyWith,Copies with changed buildOrder [2026-02-12],OK/OK,OK/OK,OK/OK
BB-TRV-10,ProjectTraversalInfo > copyWith,Copies with changed test project flags [2026-02-12],OK/OK,OK/OK,OK/OK
TRV-EXT-5,External Process Traversal,External tool git outer-first with -o [2026-06-30],--/OK,--/OK,OK/OK
BB-TRV-11,GitTraversalInfo > constructor,Creates info with required fields [2026-02-12],OK/OK,OK/OK,OK/OK
BB-TRV-12,GitTraversalInfo > constructor,Creates info with all fields [2026-02-12],OK/OK,OK/OK,OK/OK
BB-TRV-13,GitTraversalInfo > copyWith,Copies with no changes [2026-02-12],OK/OK,OK/OK,OK/OK
BB-TRV-14,GitTraversalInfo > copyWith,Copies with changed gitMode [2026-02-12],OK/OK,OK/OK,OK/OK
BB-TRV-15,GitTraversalInfo > copyWith,Copies with changed modules [2026-02-12],OK/OK,OK/OK,OK/OK
BB-TRV-16,GitTraversalInfo > copyWith,Copies with changed skipModules [2026-02-12],OK/OK,OK/OK,OK/OK
TRV-EXT-4,External Process Traversal,External tool git inner-first with -i [2026-06-30],--/OK,--/OK,OK/OK
BB-TRV-17,TraversalInfo comparisons,ProjectTraversalInfo and GitTraversalInfo are distinct types [2026-02-12],OK/OK,OK/OK,OK/OK
BB-TRV-18,TraversalInfo comparisons,Base properties are shared [2026-02-12],OK/OK,OK/OK,OK/OK
TRV-EXT-3,External Process Traversal,External tool passes -x exclude [2026-06-30],--/OK,--/OK,OK/OK
TRV-EXT-2,External Process Traversal,External tool passes -p project filter [2026-06-30],--/OK,--/OK,OK/OK
BB-TRV-19,Realistic traversal configurations,Buildkit recursive project traversal [2026-02-12],OK/OK,OK/OK,OK/OK
TRV-EXT-1,External Process Traversal,External tool scans recursively with -r -R [2026-06-30],--/OK,--/OK,OK/OK
BB-TRV-20,Realistic traversal configurations,Buildkit git traversal with submodules [2026-02-12],OK/OK,OK/OK,OK/OK
BB-TRV-21,Realistic traversal configurations,Testkit test-only project traversal [2026-02-12],OK/OK,OK/OK,OK/OK
BB-TRV-22,Realistic traversal configurations,Build order with exclusions [2026-02-12],OK/OK,OK/OK,OK/OK
BB-CLI-92,BB-CLI-86+: macro/define greedy positional parsing,modes defaults to empty list [2026-06-14],--/OK,--/OK,OK/OK
BB-CLI-91,BB-CLI-86+: macro/define greedy positional parsing,--modes after command is still global [2026-06-14],--/OK,--/OK,OK/OK
BB-CLI-90,BB-CLI-86+: macro/define greedy positional parsing,Parses --modes with comma-separated values [2026-06-14],--/OK,--/OK,OK/OK
BB-CLI-89,BB-CLI-86+: macro/define greedy positional parsing,Parses --modes as global flag [2026-06-14],--/OK,--/OK,OK/OK
BB-CLI-88,BB-CLI-86+: macro/define greedy positional parsing,:command before :macro is still a regular command [2026-05-30],--/OK,--/OK,OK/OK
BB-CLI-87,BB-CLI-86+: macro/define greedy positional parsing,":command token after :define is treated as positional arg, not a new command [2026-05-30]",--/OK,--/OK,OK/OK
BB-CLI-86,BB-CLI-86+: macro/define greedy positional parsing,":command token after :macro is treated as positional arg, not a new command [2026-05-30]",--/OK,--/OK,OK/OK
BB-CLI-85,CliArgParser > global flags after command name,--dry-run before command same as after command [2026-02-28],--/OK,--/OK,OK/OK
BB-CLI-84,CliArgParser > global flags after command name,custom flag after command still goes to per-command [2026-02-28],--/OK,--/OK,OK/OK
BB-CLI-83,CliArgParser > global flags after command name,-n shorthand after command routes to global dry-run [2026-02-28],--/OK,--/OK,OK/OK
BB-CLI-82,CliArgParser > global flags after command name,--verbose after command routes to global state [2026-02-28],--/OK,--/OK,OK/OK
BB-CLI-81,CliArgParser > global flags after command name,--dry-run after command routes to global state [2026-02-28],--/OK,--/OK,OK/OK
BB-CLI-80,CliArgParser > withResolvedStrings preserves nested fields,withResolvedStrings preserves dumpDefinitions=true [2026-02-22],--/OK,--/OK,OK/OK
BB-CLI-79,CliArgParser > withResolvedStrings preserves nested fields,withResolvedStrings preserves nested=true [2026-02-22],--/OK,--/OK,OK/OK
BB-CLI-78,CliArgParser > isHelpMode,isHelpMode false when none set [2026-02-22],--/OK,--/OK,OK/OK
BB-CLI-77,CliArgParser > isHelpMode,isHelpMode true when guide set [2026-02-22],--/OK,--/OK,OK/OK
BB-CLI-76,CliArgParser > isHelpMode,isHelpMode true when listOnly set [2026-02-22],--/OK,--/OK,OK/OK
BB-CLI-75,CliArgParser > isHelpMode,isHelpMode true when version set [2026-02-22],--/OK,--/OK,OK/OK
BB-CLI-74,CliArgParser > isHelpMode,isHelpMode true when help set [2026-02-22],--/OK,--/OK,OK/OK
BB-CLI-73,CliArgParser > nested tool options,--dump-definitions ignores other flags [2026-02-22],--/OK,--/OK,OK/OK
BB-CLI-72,CliArgParser > nested tool options,--nested combined with --help [2026-02-22],--/OK,--/OK,OK/OK
BB-CLI-71,CliArgParser > nested tool options,--nested combined with command [2026-02-22],--/OK,--/OK,OK/OK
BB-CLI-70,CliArgParser > nested tool options,dumpDefinitions defaults to false [2026-02-22],--/OK,--/OK,OK/OK
BB-CLI-69,CliArgParser > nested tool options,nested defaults to false [2026-02-22],--/OK,--/OK,OK/OK
BB-CLI-68,CliArgParser > nested tool options,Parses --dump-definitions flag [2026-02-22],--/OK,--/OK,OK/OK
BB-CLI-67,CliArgParser > nested tool options,Parses --nested flag [2026-02-22],--/OK,--/OK,OK/OK
BB-CLI-66,CliArgParser > conflicting abbreviations,Short option -c resolves correctly for each command context [2026-02-14],--/OK,--/OK,OK/OK
BB-CLI-65,CliArgParser > conflicting abbreviations,Short option -c resolves to current command option when multiple commands share same abbr [2026-02-14],--/OK,--/OK,OK/OK
BB-EPH-55,ExecutePlaceholderResolver > Placeholder help,getPlaceholderHelp includes project-name alias,--/OK,--/OK,OK/OK
BB-EPH-54,ExecutePlaceholderResolver > skipUnknown mode,skipUnknown leaves unknown placeholders as-is,--/OK,--/OK,OK/OK
BB-EPH-53,ExecutePlaceholderResolver > Remaining nature existence placeholders,git.isSubmodule returns true for submodule,--/OK,--/OK,OK/OK
BB-EPH-52,ExecutePlaceholderResolver > Remaining nature existence placeholders,git.isSubmodule returns false by default,--/OK,--/OK,OK/OK
BB-EPH-51,ExecutePlaceholderResolver > Remaining nature existence placeholders,tom-project.exists returns false (no tom project),--/OK,--/OK,OK/OK
BB-EPH-50,ExecutePlaceholderResolver > Remaining nature existence placeholders,buildkit.exists returns false (no buildkit),--/OK,--/OK,OK/OK
BB-EPH-49,ExecutePlaceholderResolver > Remaining nature existence placeholders,vscode-extension.exists returns false (no VSCode),--/OK,--/OK,OK/OK
BB-EPH-48,ExecutePlaceholderResolver > Remaining nature existence placeholders,typescript.exists returns false (no TypeScript),--/OK,--/OK,OK/OK
BB-EPH-47,ExecutePlaceholderResolver > Remaining nature existence placeholders,console.exists returns false when no Console nature,--/OK,--/OK,OK/OK
BB-EPH-46,ExecutePlaceholderResolver > Remaining nature existence placeholders,console.exists returns true when Console nature,--/OK,--/OK,OK/OK
BB-EPH-45,ExecutePlaceholderResolver > Remaining nature existence placeholders,package.exists returns false when no Package nature,--/OK,--/OK,OK/OK
BB-EPH-44,ExecutePlaceholderResolver > Remaining nature existence placeholders,package.exists returns true when Package nature,--/OK,--/OK,OK/OK
BB-EPH-43,ExecutePlaceholderResolver > Convenience alias placeholders,project-name resolves in full command string,--/OK,--/OK,OK/OK
BB-EPH-42,ExecutePlaceholderResolver > Convenience alias placeholders,project-version throws when not a Dart project,--/OK,--/OK,OK/OK
BB-CLI-32b,CliArgParser > long options,Parses --exclude-dev [2026-03-11],--/OK,--/OK,OK/OK
BB-EPH-41,ExecutePlaceholderResolver > Convenience alias placeholders,project-version returns dart version,--/OK,--/OK,OK/OK
BB-EPH-40,ExecutePlaceholderResolver > Convenience alias placeholders,project-name throws when not a Dart project,--/OK,--/OK,OK/OK
BB-EPH-39,ExecutePlaceholderResolver > Convenience alias placeholders,project-name returns dart project name,--/OK,--/OK,OK/OK
BB-CLI-8b,CliArgs > toProjectTraversalInfo,--exclude-dev disables dev dependency ordering [2026-03-11],--/OK,--/OK,OK/OK
BB-RUN-54,ToolRunner > run,unresolved @[name] placeholders are left as-is [2026-06-14],--/OK,--/OK,OK/OK
BB-RUN-53,ToolRunner > run,project buildkit.yaml overrides master defines [2026-06-14],--/OK,--/OK,OK/OK
BB-RUN-52,ToolRunner > run,@[name] resolves mode-specific defines with --modes [2026-06-14],--/OK,--/OK,OK/OK
BB-RUN-51,ToolRunner > run,@[name] defines resolve per-folder from master yaml [2026-06-14],--/OK,--/OK,OK/OK
BB-RUN-50,ToolRunner > run,macro/define commands show error when master yaml is missing [2026-03-01],--/OK,--/OK,OK/OK
BB-RUN-49,ToolRunner > run,:undefine -m MODE removes mode-specific define [2026-03-01],--/OK,--/OK,OK/OK
BB-RUN-48,ToolRunner > run,:defines lists both default and mode-specific defines [2026-03-01],--/OK,--/OK,OK/OK
BB-RUN-47,ToolRunner > run,:define without -m stores in default defines section [2026-03-01],--/OK,--/OK,OK/OK
BB-RUN-46,ToolRunner > run,:define -m MODE stores mode-specific define [2026-03-01],--/OK,--/OK,OK/OK
BB-RUN-45,ToolRunner > run,macros stored in master.yaml under macros: section [2026-03-01],--/OK,--/OK,OK/OK
BB-RUN-44,ToolRunner > run,built-in define commands show master yaml error when file is missing [2026-02-28],--/OK,--/OK,OK/OK
BB-RUN-43,ToolRunner > run,define/undefine persist sorted defines in master yaml [2026-02-28],--/OK,--/OK,OK/OK
BB-RUN-42b,ToolRunner > run,macros defined in one ToolRunner instance persist and are visible in a fresh instance (simulating separate buildkit calls) [2026-03-01],--/OK,--/OK,OK/OK
BB-RUN-42,ToolRunner > run,macro/macros runtime built-ins work when eligible [2026-02-28],--/OK,--/OK,OK/OK
BB-RUN-41,ToolRunner > run,ToolRunner dispatches pipeline invocation [2026-02-28],--/OK,--/OK,OK/OK
BB-RUN-46,ToolRunner > run,doctor warnings print setup instructions [2026-02-28],--/OK,--/OK,OK/OK
BB-RUN-45,ToolRunner > run,non-doctor run skips required-environment checks [2026-03-11],--/OK,--/OK,OK/OK
BB-RUN-40b,ToolRunner > run,--verbose prints startup timing lines [2026-03-11],--/OK,--/OK,OK/OK
BB-RUN-40,ToolRunner > run,help skips env checks for fast startup [2026-03-11],--/OK,--/OK,OK/OK
BB-RUN-55,ToolRunner > run,Multi-command traversal runs folder-by-folder [2026-03-04],--/OK,--/OK,OK/OK
BB-RUN-44,ToolRunner help routing,help for unknown command shows error [2026-02-22],--/OK,--/OK,OK/OK
BB-RUN-43,ToolRunner help routing,:command --help shows command help [2026-02-22],--/OK,--/OK,OK/OK
BB-RUN-42,ToolRunner help routing,--help shows tool help with command list [2026-02-22],--/OK,--/OK,OK/OK
BB-RUN-41,ToolRunner _findExecutor,Returns error when executor not found [2026-02-22],--/OK,--/OK,OK/OK
BB-RUN-40,ToolRunner _findExecutor,Finds native executor [2026-02-22],--/OK,--/OK,OK/OK
BB-CMP-1,ShellType,Has three values [2026-02-12],OK/OK,OK/OK,OK/OK
BB-RUN-38,ToolRunner --nested mode,--nested single-command tool fails without executor [2026-02-22],--/OK,--/OK,OK/OK
BB-CMD-1,GitTraversalOrder,GitTraversalOrder has two values [2026-02-12],OK/OK,OK/OK,OK/OK
BB-HLP-1,HelpGenerator > generateToolHelp,Includes tool name and version [2026-02-12],OK/OK,OK/OK,OK/OK
BB-RUN-2,ItemResult > constructor,Creates result with all fields [2026-02-12],OK/OK,OK/OK,OK/OK
BB-RUN-34,ToolRunner --nested mode,--nested fails when no command and no default [2026-02-22],--/OK,--/OK,OK/OK
BB-RUN-33,ToolRunner --nested mode,--nested fails for unknown command [2026-02-22],--/OK,--/OK,OK/OK
BB-RUN-32,ToolRunner --nested mode,--nested shows version for --version [2026-02-22],--/OK,--/OK,OK/OK
BB-RUN-31,ToolRunner --nested mode,--nested shows command help for --help with command [2026-02-22],--/OK,--/OK,OK/OK
BB-RUN-30,ToolRunner --nested mode,--nested shows help when --help also set [2026-02-22],--/OK,--/OK,OK/OK
BB-CMD-2,CommandDefinition > constructor,Creates command with required fields [2026-02-12],OK/OK,OK/OK,OK/OK
BB-RUN-28,ToolRunner --dump-definitions,--dump-definitions takes priority over commands [2026-02-22],--/OK,--/OK,OK/OK
BB-RUN-27,ToolRunner --dump-definitions,--dump-definitions takes priority over --help [2026-02-22],--/OK,--/OK,OK/OK
BB-RUN-26,ToolRunner --dump-definitions,--dump-definitions serializes commands [2026-02-22],--/OK,--/OK,OK/OK
BB-RUN-25,ToolRunner --dump-definitions,--dump-definitions outputs YAML and returns success [2026-02-22],--/OK,--/OK,OK/OK
BB-PIP-11,Pipeline Configuration,hasDisqualifyingTraversalOptions - empty args ok [2026-06-15],--/OK,--/OK,OK/OK
BB-PIP-10,Pipeline Configuration,hasDisqualifyingTraversalOptions detects project patterns [2026-06-15],--/OK,--/OK,OK/OK
BB-PIP-09,Pipeline Configuration,hasDisqualifyingTraversalOptions detects root [2026-06-15],--/OK,--/OK,OK/OK
BB-PIP-08,Pipeline Configuration,pipeline option resolver - command overrides invocation [2026-06-15],--/OK,--/OK,OK/OK
BB-PIP-07,Pipeline Configuration,pipeline option resolver merges options [2026-06-15],--/OK,--/OK,OK/OK
BB-PIP-09,Pipeline Configuration,PipelineCommandPrefixParser parses print prefix [2026-03-11],--/OK,--/OK,OK/OK
BB-PIP-06,Pipeline Configuration,PipelineCommandPrefixParser parses stdin prefix [2026-06-15],--/OK,--/OK,OK/OK
BB-PIP-05,Pipeline Configuration,PipelineCommandPrefixParser parses tool prefix [2026-06-15],--/OK,--/OK,OK/OK
BB-PIP-04,Pipeline Configuration,PipelineCommandPrefixParser parses shell-scan prefix [2026-06-15],--/OK,--/OK,OK/OK
BB-PIP-03,Pipeline Configuration,PipelineCommandPrefixParser parses shell prefix [2026-06-15],--/OK,--/OK,OK/OK
BB-PIP-02,Pipeline Configuration,pipeline definition has correct stages [2026-06-15],--/OK,--/OK,OK/OK
BB-PIP-01,Pipeline Configuration,loads pipeline from master yaml [2026-06-15],--/OK,--/OK,OK/OK
BB-PLH-08,Execute Placeholders,ternary expression with false condition [2026-06-15],--/OK,--/OK,OK/OK
BB-PLH-07,Execute Placeholders,ternary expression with true condition [2026-06-15],--/OK,--/OK,OK/OK
BB-PLH-06,Execute Placeholders,multiple placeholders in single command [2026-06-15],--/OK,--/OK,OK/OK
BB-PLH-05,Execute Placeholders,root placeholder resolves to workspace root [2026-06-15],--/OK,--/OK,OK/OK
BB-PLH-04,Execute Placeholders,current-platform placeholder resolves to OS info [2026-06-15],--/OK,--/OK,OK/OK
BB-PLH-03,Execute Placeholders,folder.relative resolves relative to root [2026-06-15],--/OK,--/OK,OK/OK
BB-PLH-02,Execute Placeholders,folder.name resolves to folder basename [2026-06-15],--/OK,--/OK,OK/OK
BB-PLH-01,Execute Placeholders,folder placeholder resolves to absolute path [2026-06-15],--/OK,--/OK,OK/OK
BB-MCR-05,:macro command,macro expansion with $$ rest args [2026-06-15],--/OK,--/OK,OK/OK
BB-MCR-04,:macro command,macro expansion with placeholders [2026-06-15],--/OK,--/OK,OK/OK
BB-MCR-03,:macro command,:unmacro removes macro [2026-06-15],--/OK,--/OK,OK/OK
BB-MCR-02,:macro command,:macros lists all macros [2026-06-15],--/OK,--/OK,OK/OK
BB-MCR-01,:macro command,:macro adds new macro [2026-06-15],--/OK,--/OK,OK/OK
,Command Prefix Matching > BB-CPM-01: Exact name match,finds command by exact name,--/OK,OK/OK,OK/OK
,Command Prefix Matching > BB-CPM-01: Exact name match,finds command by exact name - compiler,--/OK,OK/OK,OK/OK
,Command Prefix Matching > BB-CPM-01: Exact name match,finds command by exact name - cleanup,--/OK,OK/OK,OK/OK
,Command Prefix Matching > BB-CPM-02: Exact alias match,finds command by single-char alias,--/OK,OK/OK,OK/OK
,Command Prefix Matching > BB-CPM-02: Exact alias match,finds command by multi-char alias,--/OK,OK/OK,OK/OK
,Command Prefix Matching > BB-CPM-02: Exact alias match,finds command by alias - clean,--/OK,OK/OK,OK/OK
,Command Prefix Matching > BB-CPM-03: Unambiguous name prefix,vers matches versioner (unambiguous),--/OK,OK/OK,OK/OK
,Command Prefix Matching > BB-CPM-03: Unambiguous name prefix,version matches versioner,--/OK,OK/OK,OK/OK
,Command Prefix Matching > BB-CPM-03: Unambiguous name prefix,dep matches dependencies,--/OK,OK/OK,OK/OK
,Command Prefix Matching > BB-CPM-03: Unambiguous name prefix,depen matches dependencies,--/OK,OK/OK,OK/OK
,Command Prefix Matching > BB-CPM-04: Ambiguous prefix returns null,co matches both compiler and config - returns null,--/OK,OK/OK,OK/OK
,Command Prefix Matching > BB-CPM-04: Ambiguous prefix returns null,c matches both compiler and config - returns null,--/OK,OK/OK,OK/OK
,Command Prefix Matching > BB-CPM-04: Ambiguous prefix returns null,cle matches just cleanup,--/OK,OK/OK,OK/OK
,Command Prefix Matching > BB-CPM-04: Ambiguous prefix returns null,clea matches just cleanup,--/OK,OK/OK,OK/OK
,Command Prefix Matching > BB-CPM-05: findCommandsWithPrefix,returns all commands starting with prefix,--/OK,OK/OK,OK/OK
,Command Prefix Matching > BB-CPM-05: findCommandsWithPrefix,returns single command for unambiguous prefix,--/OK,OK/OK,OK/OK
,Command Prefix Matching > BB-CPM-05: findCommandsWithPrefix,returns empty list for no matches,--/OK,OK/OK,OK/OK
,Command Prefix Matching > BB-CPM-05: findCommandsWithPrefix,includes alias matches,--/OK,OK/OK,OK/OK
,Command Prefix Matching > BB-CPM-06: Unknown command returns null,xyz returns null,--/OK,OK/OK,OK/OK
,Command Prefix Matching > BB-CPM-06: Unknown command returns null,empty string returns null,--/OK,OK/OK,OK/OK
,Command Prefix Matching > BB-CPM-07: Exact match takes priority over prefix,"run matches run exactly, not runner",--/OK,OK/OK,OK/OK
,Command Prefix Matching > BB-CPM-07: Exact match takes priority over prefix,runn matches runner by prefix,--/OK,OK/OK,OK/OK
,Command Prefix Matching > BB-CPM-08: Alias prefix matching,com matches compiler via comp alias,--/OK,OK/OK,OK/OK
,Command Prefix Matching > BB-CPM-08: Alias prefix matching,cf matches config via cfg alias,--/OK,OK/OK,OK/OK
BB-CLI-11b,CliArgs > toProjectTraversalInfo,Defaults to not recursive [2026-02-18],--/OK,OK/OK,OK/OK
BB-CLI-13,CliArgs > toGitTraversalInfo,Returns null when git mode not specified [2026-02-12],--/OK,OK/OK,OK/OK
BB-CLI-13b,CliArgs > toGitTraversalInfo,Uses command default git mode when provided [2026-02-12],--/OK,OK/OK,OK/OK
BB-CLI-31b,CliArgParser > long options,Parses --top-repo [2026-02-14],--/OK,OK/OK,OK/OK
BB-CLI-43b,CliArgParser > short options,Parses -T [2026-02-14],--/OK,OK/OK,OK/OK
,MacroExpander > BB-MAC-01: simple macro without placeholders,expands @name to stored value,--/OK,OK/OK,OK/OK
,MacroExpander > BB-MAC-01: simple macro without placeholders,preserves surrounding args,--/OK,OK/OK,OK/OK
,MacroExpander > BB-MAC-02: macro with single placeholder $1,substitutes $1 with next argument,--/OK,OK/OK,OK/OK
,MacroExpander > BB-MAC-02: macro with single placeholder $1,consumes only the needed argument,--/OK,OK/OK,OK/OK
,MacroExpander > BB-MAC-03: macro with multiple placeholders $1 $2,substitutes both placeholders,--/OK,OK/OK,OK/OK
,MacroExpander > BB-MAC-03: macro with multiple placeholders $1 $2,handles non-sequential placeholders,--/OK,OK/OK,OK/OK
,MacroExpander > BB-MAC-04: macro with rest placeholder $$,substitutes $$ with all remaining arguments,--/OK,OK/OK,OK/OK
,MacroExpander > BB-MAC-04: macro with rest placeholder $$,$$ with no remaining args expands to empty,--/OK,OK/OK,OK/OK
,MacroExpander > BB-MAC-05: combined $n and $$,$1 followed by $$ consumes first arg then rest,--/OK,OK/OK,OK/OK
,MacroExpander > BB-MAC-06: nested macro expansion,expands nested macros,--/OK,OK/OK,OK/OK
BB-NTE-14,NestedToolExecutor > constructor and properties,toString for standalone [2026-02-27],--/OK,--/OK,OK/OK
BB-DEF-04,:define command,:undefine removes define [2026-06-15],--/OK,--/OK,OK/OK
,MacroExpander > BB-MAC-08: undefined macro,undefined macro is left as-is,--/OK,OK/OK,OK/OK
BB-SER-7,ToolDefinitionSerializer > toYaml,Escapes strings with special YAML chars [2026-02-27],--/OK,--/OK,OK/OK
,MacroExpander > BB-MAC-10: @ in middle of token is literal,email-like string is not treated as macro,--/OK,OK/OK,OK/OK
,MacroExpander > BB-MAC-11: quoted arguments with spaces,argument with spaces is passed as single $1,--/OK,OK/OK,OK/OK
,MacroExpander > BB-MAC-11: quoted arguments with spaces,$$ preserves argument boundaries,--/OK,OK/OK,OK/OK
,MacroExpander > BB-MAC-12: escaping,\$1 is literal $1,--/OK,OK/OK,OK/OK
,getRequiredArgCount,returns 0 for no placeholders,--/OK,OK/OK,OK/OK
,getRequiredArgCount,returns 1 for single $1,--/OK,OK/OK,OK/OK
,getRequiredArgCount,returns highest placeholder number,--/OK,OK/OK,OK/OK
,getRequiredArgCount,handles gaps in placeholder numbers,--/OK,OK/OK,OK/OK
,getRequiredArgCount,returns -1 for $$,--/OK,OK/OK,OK/OK
BB-EPH-01,ExecutePlaceholderResolver > Path placeholders,resolves root placeholder,--/OK,OK/OK,OK/OK
BB-EPH-02,ExecutePlaceholderResolver > Path placeholders,resolves folder placeholder,--/OK,OK/OK,OK/OK
BB-EPH-03,ExecutePlaceholderResolver > Path placeholders,resolves folder.name placeholder,--/OK,OK/OK,OK/OK
BB-EPH-04,ExecutePlaceholderResolver > Path placeholders,resolves folder.relative placeholder,--/OK,OK/OK,OK/OK
BB-EPH-05,ExecutePlaceholderResolver > Platform placeholders,resolves current-os placeholder,--/OK,OK/OK,OK/OK
BB-EPH-06,ExecutePlaceholderResolver > Platform placeholders,resolves current-arch placeholder,--/OK,OK/OK,OK/OK
BB-EPH-07,ExecutePlaceholderResolver > Platform placeholders,resolves current-platform placeholder,--/OK,OK/OK,OK/OK
BB-EPH-08,ExecutePlaceholderResolver > Nature existence placeholders,dart.exists returns false when no Dart nature,--/OK,OK/OK,OK/OK
BB-EPH-09,ExecutePlaceholderResolver > Nature existence placeholders,dart.exists returns true when Dart nature present,--/OK,OK/OK,OK/OK
BB-EPH-10,ExecutePlaceholderResolver > Nature existence placeholders,git.exists returns true when Git nature present,--/OK,OK/OK,OK/OK
BB-EPH-11,ExecutePlaceholderResolver > Nature existence placeholders,flutter.exists returns true when Flutter nature present,--/OK,OK/OK,OK/OK
BB-EPH-12,ExecutePlaceholderResolver > Dart attribute placeholders,dart.name returns project name,--/OK,OK/OK,OK/OK
BB-EPH-13,ExecutePlaceholderResolver > Dart attribute placeholders,dart.version returns version,--/OK,OK/OK,OK/OK
BB-EPH-14,ExecutePlaceholderResolver > Dart attribute placeholders,dart.publishable returns true for publishable package,--/OK,OK/OK,OK/OK
BB-EPH-15,ExecutePlaceholderResolver > Dart attribute placeholders,dart.publishable returns false for publish_to: none,--/OK,OK/OK,OK/OK
BB-EPH-16,ExecutePlaceholderResolver > Dart attribute placeholders,dart.name throws when not a Dart project,--/OK,OK/OK,OK/OK
BB-EPH-17,ExecutePlaceholderResolver > Git attribute placeholders,git.branch returns current branch,--/OK,OK/OK,OK/OK
BB-EPH-18,ExecutePlaceholderResolver > Git attribute placeholders,git.remotes returns comma-separated list,--/OK,OK/OK,OK/OK
BB-EPH-19,ExecutePlaceholderResolver > Git attribute placeholders,git.hasChanges returns true when uncommitted changes,--/OK,OK/OK,OK/OK
BB-EPH-20,ExecutePlaceholderResolver > Git attribute placeholders,git.branch throws when not a git repo,--/OK,OK/OK,OK/OK
BB-EPH-21,ExecutePlaceholderResolver > Flutter attribute placeholders,flutter.platforms returns comma-separated platforms,--/OK,OK/OK,OK/OK
BB-EPH-22,ExecutePlaceholderResolver > Flutter attribute placeholders,flutter.isPlugin returns true for plugins,--/OK,OK/OK,OK/OK
BB-EPH-23,ExecutePlaceholderResolver > VS Code extension placeholders,vscode.name returns extension name,--/OK,OK/OK,OK/OK
BB-EPH-24,ExecutePlaceholderResolver > VS Code extension placeholders,vscode.version returns extension version,--/OK,OK/OK,OK/OK
BB-EPH-25,ExecutePlaceholderResolver > Unknown placeholder,throws for unknown placeholder,--/OK,OK/OK,OK/OK
BB-EPH-26,ExecutePlaceholderResolver > Ternary expression resolution,resolves ternary with true condition,--/OK,OK/OK,OK/OK
BB-EPH-27,ExecutePlaceholderResolver > Ternary expression resolution,resolves ternary with false condition,--/OK,OK/OK,OK/OK
BB-EPH-28,ExecutePlaceholderResolver > Ternary expression resolution,resolves ternary with empty false branch,--/OK,OK/OK,OK/OK
BB-EPH-29,ExecutePlaceholderResolver > Ternary expression resolution,throws for ternary on non-boolean placeholder,--/OK,OK/OK,OK/OK
BB-EPH-30,ExecutePlaceholderResolver > Full command resolution,resolves multiple simple placeholders,--/OK,OK/OK,OK/OK
BB-EPH-31,ExecutePlaceholderResolver > Full command resolution,resolves mixed simple and ternary placeholders,--/OK,OK/OK,OK/OK
BB-EPH-32,ExecutePlaceholderResolver > Full command resolution,resolves command with path placeholders,--/OK,OK/OK,OK/OK
BB-EPH-33,ExecutePlaceholderResolver > Condition checking,checkCondition returns true for satisfied condition,--/OK,OK/OK,OK/OK
BB-EPH-34,ExecutePlaceholderResolver > Condition checking,checkCondition returns false for unsatisfied condition,--/OK,OK/OK,OK/OK
BB-EPH-35,ExecutePlaceholderResolver > Condition checking,checkCondition throws for non-boolean placeholder,--/OK,OK/OK,OK/OK
BB-EPH-36,ExecutePlaceholderResolver > Placeholder help,getPlaceholderHelp returns non-empty map,--/OK,OK/OK,OK/OK
BB-EPH-37,UnresolvedPlaceholderException,formats message correctly without details,--/OK,OK/OK,OK/OK
BB-EPH-38,UnresolvedPlaceholderException,formats message correctly with details,--/OK,OK/OK,OK/OK
BB-NTE-13,NestedToolExecutor > constructor and properties,toString for multi-command [2026-02-27],--/OK,--/OK,OK/OK
BB-NTE-12,NestedToolExecutor > constructor and properties,Standalone executor properties [2026-02-27],--/OK,--/OK,OK/OK
BB-NTE-11,NestedToolExecutor > constructor and properties,Multi-command executor properties [2026-02-27],--/OK,--/OK,OK/OK
BB-DEF-03,:define command,:defines lists all defines [2026-06-15],--/OK,--/OK,OK/OK
BB-NTE-9,NestedToolExecutor > buildNestedArgs,Skips false flag options [2026-02-27],--/OK,--/OK,OK/OK
BB-NTE-8,NestedToolExecutor > buildNestedArgs,Does not forward host-specific options [2026-02-27],--/OK,--/OK,OK/OK
BB-NTE-7,NestedToolExecutor > buildNestedArgs,Does not forward traversal options [2026-02-27],--/OK,--/OK,OK/OK
BB-V2-SCN-1,BB-V2-SCN: FolderScanner Skip Files [2026-02-14],skips directory with tom_skip.yaml (global skip),--/OK,OK/OK,OK/OK
BB-V2-SCN-2,BB-V2-SCN: FolderScanner Skip Files [2026-02-14],skips directory with tool-specific skip file (buildkit_skip.yaml),--/OK,OK/OK,OK/OK
BB-V2-SCN-3,BB-V2-SCN: FolderScanner Skip Files [2026-02-14],skips directory with custom tool skip file (issuekit_skip.yaml),--/OK,OK/OK,OK/OK
BB-V2-SCN-4,BB-V2-SCN: FolderScanner Skip Files [2026-02-14],tool-specific skip does not affect other tools,--/OK,OK/OK,OK/OK
BB-V2-SCN-5,BB-V2-SCN: FolderScanner Skip Files [2026-02-14],tom_skip.yaml affects all tools,--/OK,OK/OK,OK/OK
BB-V2-SCN-6,BB-V2-SCN: FolderScanner Skip Files [2026-02-14],skip file in nested directory stops descent,--/OK,OK/OK,OK/OK
BB-V2-SCN-7,BB-V2-SCN: FolderScanner Skip Files [2026-02-14],skipFilename getter returns correct filename,--/OK,OK/OK,OK/OK
BB-V2-SCN-8,BB-V2-SCN: FolderScanner Skip Files [2026-02-14],kTomSkipYaml constant is correct,--/OK,OK/OK,OK/OK
BB-NTE-6,NestedToolExecutor > buildNestedArgs,Forwards command-specific list options [2026-02-27],--/OK,--/OK,OK/OK
BB-V2-SCN-WS-2,BB-V2-SCN-WS: FolderScanner Workspace Boundaries [2026-02-14],stops at tool master config (buildkit_master.yaml),--/OK,OK/OK,OK/OK
BB-V2-SCN-WS-3,BB-V2-SCN-WS: FolderScanner Workspace Boundaries [2026-02-14],tool-specific master config for different tool,--/OK,OK/OK,OK/OK
BB-V2-GIT-1,BB-V2-GIT: GitRepoFinder.findTopRepo [2026-02-14],returns null when no git repo in path,--/OK,OK/OK,OK/OK
BB-V2-GIT-2,BB-V2-GIT: GitRepoFinder.findTopRepo [2026-02-14],finds single git repo in path,--/OK,OK/OK,OK/OK
BB-V2-GIT-3,BB-V2-GIT: GitRepoFinder.findTopRepo [2026-02-14],finds topmost git repo with nested repos,--/OK,OK/OK,OK/OK
BB-V2-GIT-4,BB-V2-GIT: GitRepoFinder.findTopRepo [2026-02-14],finds topmost git repo with multiple nesting levels,--/OK,OK/OK,OK/OK
BB-V2-GIT-5,BB-V2-GIT: GitRepoFinder.findTopRepo [2026-02-14],works when starting from repo root,--/OK,OK/OK,OK/OK
BB-V2-GIT-6,BB-V2-GIT: GitRepoFinder.findTopRepo [2026-02-14],handles .git file (submodule worktree),--/OK,OK/OK,OK/OK
BB-DEF-02,:define command,:define with -m adds mode-specific define [2026-06-15],--/OK,--/OK,OK/OK
BB-TDF-54,ToolDefinition wiring fields,Full buildkit-like wiring definition [2026-02-27],--/OK,--/OK,OK/OK
BB-NTE-5,NestedToolExecutor > buildNestedArgs,Forwards command-specific string options [2026-02-27],--/OK,--/OK,OK/OK
BB-TDF-53,ToolDefinition wiring fields,copyWith overrides wiring fields [2026-02-27],--/OK,--/OK,OK/OK
BB-TDF-52,ToolDefinition wiring fields,copyWith preserves wiring fields [2026-02-27],--/OK,--/OK,OK/OK
BB-CMP-2,CompletionGenerator.generateBash,Generates bash completion script [2026-02-12],OK/OK,OK/OK,OK/OK
BO-COMP-1,BuildOrderComputer,Projects with no deps sorted alphabetically [2026-02-20],--/OK,--/OK,OK/OK
BO-COMP-2,BuildOrderComputer,Linear dependency chain [2026-02-20],--/OK,--/OK,OK/OK
BO-COMP-3,BuildOrderComputer,Diamond dependency [2026-02-20],--/OK,--/OK,OK/OK
BO-COMP-4,BuildOrderComputer,Circular dependency returns null [2026-02-20],--/OK,--/OK,OK/OK
BO-COMP-5,BuildOrderComputer,External deps are ignored [2026-02-20],--/OK,--/OK,OK/OK
BO-COMP-6,BuildOrderComputer,Dev dependencies included when flag set [2026-02-20],--/OK,--/OK,OK/OK
BO-SORT-1,FolderSorter.sortByBuildOrder,Sorts items by global order [2026-02-20],--/OK,--/OK,OK/OK
BO-SORT-2,FolderSorter.sortByBuildOrder,Items not in global order come after ordered items [2026-02-20],--/OK,--/OK,OK/OK
BO-SORT-3,FolderSorter.sortByBuildOrder,Empty global order returns input unchanged [2026-02-20],--/OK,--/OK,OK/OK
BO-TRAV-1,BuildBase.traverse with buildOrder,buildOrder=true sorts projects by dependency order [2026-02-20],--/OK,--/OK,OK/OK
BO-TRAV-2,BuildBase.traverse with buildOrder,buildOrder with filter still respects global order [2026-02-20],--/OK,--/OK,OK/OK
BO-TRAV-3,BuildBase.traverse with buildOrder,buildOrder=false does NOT sort by dependency [2026-02-20],--/OK,--/OK,OK/OK
NF-ERR-1,Error — no nature configuration (ArgumentError),null requiredNatures + empty worksWithNatures throws ArgumentError [2026-02-21],--/OK,--/OK,OK/OK
NF-ERR-2,Error — no nature configuration (ArgumentError),empty requiredNatures + empty worksWithNatures throws ArgumentError [2026-02-21],--/OK,--/OK,OK/OK
NF-ERR-3,Error — no nature configuration (ArgumentError),null requiredNatures + non-empty worksWithNatures does NOT throw [2026-02-21],--/OK,--/OK,OK/OK
,RepositoryIdLookup metadata resolution,resolves repository IDs from tom_repository.yaml,--/OK,--/OK,OK/OK
,RepositoryIdLookup metadata resolution,ID lookup is case-insensitive,--/OK,--/OK,OK/OK
,RepositoryIdLookup metadata resolution,unknown values remain unchanged,--/OK,--/OK,OK/OK
,RepositoryIdLookup metadata resolution,falls back to folder name when name is missing,--/OK,--/OK,OK/OK
NF-T2-1,Tier 2 — requiredNatures is non-empty (must have ALL),requiredNatures {DartProjectFolder} matches all Dart projects [2026-02-20],--/OK,--/OK,OK/OK
NF-T2-2,Tier 2 — requiredNatures is non-empty (must have ALL),requiredNatures {DartConsoleFolder} matches only console projects [2026-02-20],--/OK,--/OK,OK/OK
NF-T2-3,Tier 2 — requiredNatures is non-empty (must have ALL),requiredNatures {DartPackageFolder} matches only package projects [2026-02-20],--/OK,--/OK,OK/OK
NF-T2-4,Tier 2 — requiredNatures is non-empty (must have ALL),requiredNatures {TypeScriptFolder} matches only TS projects [2026-02-20],--/OK,--/OK,OK/OK
NF-T2-5,Tier 2 — requiredNatures is non-empty (must have ALL),"requiredNatures {GitFolder, DartProjectFolder} requires BOTH natures [2026-02-20]",--/OK,--/OK,OK/OK
NF-T2-6,Tier 2 — requiredNatures is non-empty (must have ALL),"requiredNatures {BuildkitFolder, DartProjectFolder} requires BOTH [2026-02-20]",--/OK,--/OK,OK/OK
NF-T2-7,Tier 2 — requiredNatures is non-empty (must have ALL),requiredNatures {FsFolder} matches ALL folders [2026-02-20],--/OK,--/OK,OK/OK
NF-T2-8,Tier 2 — requiredNatures is non-empty (must have ALL),worksWithNatures is ignored when requiredNatures is set [2026-02-20],--/OK,--/OK,OK/OK
NF-T3a-1,"worksWithNatures — requiredNatures empty, worksWithNatures set",worksWithNatures {DartProjectFolder} invokes on any Dart project [2026-02-20],--/OK,--/OK,OK/OK
NF-T3a-2,"worksWithNatures — requiredNatures empty, worksWithNatures set","worksWithNatures {TypeScriptFolder, DartConsoleFolder} invokes on either [2026-02-20]",--/OK,--/OK,OK/OK
NF-T3a-3,"worksWithNatures — requiredNatures empty, worksWithNatures set",worksWithNatures {GitFolder} invokes only on git repos [2026-02-20],--/OK,--/OK,OK/OK
NF-T3a-4,"worksWithNatures — requiredNatures empty, worksWithNatures set",worksWithNatures {FsFolder} matches ALL folders [2026-02-20],--/OK,--/OK,OK/OK
NF-T3a-5,"worksWithNatures — requiredNatures empty, worksWithNatures set",worksWithNatures {BuildkitFolder} matches only buildkit folders [2026-02-20],--/OK,--/OK,OK/OK
NF-EDGE-1,Edge cases,non-existent type in requiredNatures matches nothing [2026-02-20],--/OK,--/OK,OK/OK
NF-EDGE-2,Edge cases,mixed natures — folder must have ALL required [2026-02-20],--/OK,--/OK,OK/OK
NF-EDGE-3,Edge cases,FsFolder combined with other nature in requiredNatures [2026-02-20],--/OK,--/OK,OK/OK
NF-EDGE-4,Edge cases,plain directory has no natures — only matched by FsFolder [2026-02-21],--/OK,--/OK,OK/OK
,MacroExpander > BB-MAC-07: missing arguments use empty strings,missing $1 argument becomes empty string,--/OK,--/OK,OK/OK
,MacroExpander > BB-MAC-07: missing arguments use empty strings,missing $2 argument becomes empty string,--/OK,--/OK,OK/OK
,MacroExpander > BB-MAC-07: missing arguments use empty strings,all arguments missing become empty strings,--/OK,--/OK,OK/OK
TRV-PROJ-1,Basic Project Traversal,Recursive scan finds all expected projects [2026-06-30],--/OK,--/OK,OK/OK
BB-HLP-2,HelpGenerator > generateToolHelp,Includes tool description [2026-02-12],OK/OK,OK/OK,OK/OK
TRV-PROJ-3,Basic Project Traversal,Scan with different root finds only that subtree [2026-06-30],--/OK,--/OK,OK/OK
TRV-PROJ-4,Basic Project Traversal,ExecutionRoot != scan path produces correct relativePath [2026-06-30],--/OK,--/OK,OK/OK
BB-OPT-27,Standard option definitions,commonOptions contains nested flag [2026-02-27],--/OK,--/OK,OK/OK
BB-OPT-28,Standard option definitions,commonOptions contains dump-definitions flag [2026-02-27],--/OK,--/OK,OK/OK
TRV-SKIP-1,Skip File Handling,buildkit_skip.yaml skips folder and descendants [2026-06-30],--/OK,--/OK,OK/OK
BB-SER-1,ToolDefinitionSerializer > toYaml,Serializes minimal tool definition [2026-02-27],--/OK,--/OK,OK/OK
TRV-SKIP-2,Skip File Handling,tom_skip.yaml (global skip) skips folder [2026-06-30],--/OK,--/OK,OK/OK
BB-SER-1b,ToolDefinitionSerializer > toYaml,Serializes explicit pipeline_name [2026-02-28],--/OK,--/OK,OK/OK
BB-SER-2,ToolDefinitionSerializer > toYaml,Serializes features correctly [2026-02-27],--/OK,--/OK,OK/OK
BB-SER-3,ToolDefinitionSerializer > toYaml,Serializes minimal features correctly [2026-02-27],--/OK,--/OK,OK/OK
BB-SER-4,ToolDefinitionSerializer > toYaml,Serializes global options [2026-02-27],--/OK,--/OK,OK/OK
BB-SER-5,ToolDefinitionSerializer > toYaml,Serializes commands with options [2026-02-27],--/OK,--/OK,OK/OK
BB-SER-6,ToolDefinitionSerializer > toYaml,Serializes tool mode correctly [2026-02-27],--/OK,--/OK,OK/OK
TRV-EDGE-4,Edge Cases,Traversal with all filters returns subset [2026-06-30],--/OK,--/OK,OK/OK
BB-SER-8,ToolDefinitionSerializer > toYaml,Serializes hidden commands [2026-02-27],--/OK,--/OK,OK/OK
BB-SER-9,ToolDefinitionSerializer > toYaml,Serializes multi-value options [2026-02-27],--/OK,--/OK,OK/OK
BB-SER-10,ToolDefinitionSerializer > fromYamlMap,Parses minimal map [2026-02-27],--/OK,--/OK,OK/OK
BB-SER-10b,ToolDefinitionSerializer > fromYamlMap,Parses explicit pipeline_name [2026-02-28],--/OK,--/OK,OK/OK
TRV-SKIP-3,Skip File Handling,Workspace boundary (buildkit_master.yaml) stops recursion [2026-06-30],--/OK,--/OK,OK/OK
BB-SER-11,ToolDefinitionSerializer > fromYamlMap,Parses features map [2026-02-27],--/OK,--/OK,OK/OK
BB-SER-12,ToolDefinitionSerializer > fromYamlMap,Parses global options [2026-02-27],--/OK,--/OK,OK/OK
BB-SER-13,ToolDefinitionSerializer > fromYamlMap,Parses commands with options [2026-02-27],--/OK,--/OK,OK/OK
BB-SER-14,ToolDefinitionSerializer > fromYamlMap,Parses single_command mode [2026-02-27],--/OK,--/OK,OK/OK
BB-SER-15,ToolDefinitionSerializer > fromYamlMap,Handles missing/null fields gracefully [2026-02-27],--/OK,--/OK,OK/OK
BB-SER-16,ToolDefinitionSerializer > fromYamlMap,Parses hidden commands [2026-02-27],--/OK,--/OK,OK/OK
TRV-SKIP-4,Skip File Handling,Root directory is never skipped even if it matches skip markers [2026-06-30],--/OK,--/OK,OK/OK
BB-SER-17,ToolDefinitionSerializer > round-trip,toYaml then fromYamlMap preserves structure [2026-02-27],--/OK,--/OK,OK/OK
TRV-GIT-1,Git Traversal,Git traversal finds all repos (root + submodules) [2026-06-30],--/OK,--/OK,OK/OK
TRV-GIT-2,Git Traversal,InnerFirst orders deeper repos before shallower [2026-06-30],--/OK,--/OK,OK/OK
TRV-GIT-3,Git Traversal,OuterFirst orders shallower repos before deeper [2026-06-30],--/OK,--/OK,OK/OK
BB-WRL-1,WiringResult,Default result has no errors or warnings [2026-02-27],--/OK,--/OK,OK/OK
BB-WRL-2,WiringResult,hasErrors reflects non-empty errors list [2026-02-27],--/OK,--/OK,OK/OK
BB-WRL-3,WiringResult,Result preserves all fields [2026-02-27],--/OK,--/OK,OK/OK
TRV-GIT-4,Git Traversal,Git traversal detects GitFolder nature [2026-06-30],--/OK,--/OK,OK/OK
BB-WRL-4,WiringLoader.mergeWiringSources,Code-only defaults populate effective wiring [2026-02-27],--/OK,--/OK,OK/OK
BB-WRL-5,WiringLoader.mergeWiringSources,Empty defaults with no YAML = no wiring [2026-02-27],--/OK,--/OK,OK/OK
TRV-FILT-1,Filter Pipeline,Project pattern (-p) filters to matching names [2026-06-30],--/OK,--/OK,OK/OK
BB-WRL-6,WiringLoader.mergeWiringSources,YAML wiring loaded from file [2026-02-27],--/OK,--/OK,OK/OK
TRV-FILT-2,Filter Pipeline,Exclude pattern removes matching paths [2026-06-30],--/OK,--/OK,OK/OK
BB-WRL-7,WiringLoader.mergeWiringSources,YAML overrides code defaults for same binary [2026-02-27],--/OK,--/OK,OK/OK
BB-WRL-8,WiringLoader.mergeWiringSources,Custom wiring file name [2026-02-27],--/OK,--/OK,OK/OK
BB-WRL-9,WiringLoader.mergeWiringSources,Missing YAML file does not error [2026-02-27],--/OK,--/OK,OK/OK
BB-WRL-10,WiringLoader.mergeWiringSources,Malformed YAML file does not error [2026-02-27],--/OK,--/OK,OK/OK
BB-WRL-11,WiringLoader.resolve,Empty tool returns empty result [2026-02-27],--/OK,--/OK,OK/OK
TRV-FILT-3,Filter Pipeline,ExcludeProjects removes by project name [2026-06-30],--/OK,--/OK,OK/OK
BB-PLC-1,PipelineCommandPrefixParser,parses strict tool prefix,--/OK,--/OK,OK/OK
BB-PLC-2,PipelineCommandPrefixParser,parses shell prefix,--/OK,--/OK,OK/OK
BB-PLC-3,PipelineCommandPrefixParser,parses shell-scan prefix,--/OK,--/OK,OK/OK
TRV-FILT-4,Filter Pipeline,Required natures filter to specific project types [2026-06-30],--/OK,--/OK,OK/OK
BB-PLC-4,PipelineCommandPrefixParser,rejects non-strict tool alias prefix,--/OK,--/OK,OK/OK
BB-PLC-10,PipelineCommandPrefixParser,parses print prefix,--/OK,--/OK,OK/OK
BB-WRL-12,WiringLoader.resolve,Missing binary produces error [2026-02-27],--/OK,--/OK,OK/OK
TRV-FILT-5,Filter Pipeline,Git modules filter limits to specific submodules [2026-06-30],--/OK,--/OK,OK/OK
BB-PLC-5,ToolPipelineConfigLoader,eligibility requires multiCommand + master file,--/OK,--/OK,OK/OK
BB-WRL-13,WiringLoader.resolve,Missing binary tolerateMissing produces warning [2026-02-27],--/OK,--/OK,OK/OK
BB-WRL-14,WiringLoader.resolve,Unrequested commands skip [2026-02-27],--/OK,--/OK,OK/OK
BB-PLC-6,ToolPipelineConfigLoader,ineligible for singleCommand even with master file,--/OK,--/OK,OK/OK
BB-WRL-15,ToolWiringEntry.hostCommandNames,Standalone uses binary name [2026-02-27],--/OK,--/OK,OK/OK
BB-WRL-16,ToolWiringEntry.hostCommandNames,Multi-command uses command map keys [2026-02-27],--/OK,--/OK,OK/OK
BB-WRL-17,ToolWiringEntry.hostCommandNames,Multi-command with no commands returns empty [2026-02-27],--/OK,--/OK,OK/OK
,MkLinkExecutor,creates symbolic link with target and link positional args,--/OK,--/OK,OK/OK
TRV-NAT-1,Nature Detection,Dart console app has DartConsoleFolder nature [2026-06-30],--/OK,--/OK,OK/OK
,MkLinkExecutor,replaces existing destination when --force is set,--/OK,--/OK,OK/OK
,MkLinkExecutor,fails when destination exists and --force is not set,--/OK,--/OK,OK/OK
TRV-NAT-2,Nature Detection,Dart package has DartPackageFolder nature [2026-06-30],--/OK,--/OK,OK/OK
BB-PLC-7,ToolPipelineConfigLoader,loads required-environment pipelines and parses prefixes,--/OK,--/OK,OK/OK
BB-PLC-8,ToolPipelineConfigLoader,throws on unsupported prefix,--/OK,--/OK,OK/OK
BB-PLC-9,ToolPipelineConfigLoader,loads pipelines from tool section layout,--/OK,--/OK,OK/OK
TRV-NAT-3,Nature Detection,TypeScript project has TypeScriptFolder nature [2026-06-30],--/OK,--/OK,OK/OK
TRV-CLI-1,CLI Arg Parsing,-r flag enables recursive [2026-06-30],--/OK,--/OK,OK/OK
TRV-CLI-2,CLI Arg Parsing,--not-recursive disables recursive [2026-06-30],--/OK,--/OK,OK/OK
TRV-CLI-3,CLI Arg Parsing,-s sets scan path [2026-06-30],--/OK,--/OK,OK/OK
TRV-CLI-4,CLI Arg Parsing,-R sets root path [2026-06-30],--/OK,--/OK,OK/OK
TRV-CLI-5,CLI Arg Parsing,Bare -R without value sets bareRoot [2026-06-30],--/OK,--/OK,OK/OK
TRV-CLI-6,CLI Arg Parsing,-i enables inner-first-git [2026-06-30],--/OK,--/OK,OK/OK
TRV-CLI-7,CLI Arg Parsing,-o enables outer-first-git [2026-06-30],--/OK,--/OK,OK/OK
TRV-CLI-8,CLI Arg Parsing,-p adds project patterns [2026-06-30],--/OK,--/OK,OK/OK
TRV-CLI-9,CLI Arg Parsing,-x adds exclude patterns [2026-06-30],--/OK,--/OK,OK/OK
TRV-CLI-10,CLI Arg Parsing,Commands are parsed with : prefix [2026-06-30],--/OK,--/OK,OK/OK
TRV-CLI-11,CLI Arg Parsing,Multiple flags bundled together [2026-06-30],--/OK,--/OK,OK/OK
TRV-CLI-12,CLI Arg Parsing,Per-command project patterns [2026-06-30],--/OK,--/OK,OK/OK
TRV-CLI-13,CLI Arg Parsing,toProjectTraversalInfo applies defaults correctly [2026-06-30],--/OK,--/OK,OK/OK
TRV-CLI-14,CLI Arg Parsing,toGitTraversalInfo with -i produces innerFirst [2026-06-30],--/OK,--/OK,OK/OK
TRV-CLI-15,CLI Arg Parsing,toGitTraversalInfo without mode returns null [2026-06-30],--/OK,--/OK,OK/OK
TRV-CLI-16,CLI Arg Parsing,Default recursive is false (workspace mode) [2026-06-30],--/OK,--/OK,OK/OK
BB-PLX-1,PipelineOptionResolver,command options override invocation and pipeline,--/OK,--/OK,OK/OK
BB-PLX-2,PipelineOptionResolver,disqualifying traversal options are detected,--/OK,--/OK,OK/OK
BB-PLX-3,PipelineOptionResolver,verbose and dry-run alone are not disqualifying,--/OK,--/OK,OK/OK
BB-PLX-3b,PipelineOptionResolver,pipeline-only invocation delegates by default [2026-03-11],--/OK,--/OK,OK/OK
BB-PLX-3c,PipelineOptionResolver,mixed invocation requires workspace-recursion [2026-03-11],--/OK,--/OK,OK/OK
BB-PLX-4,PipelineOptionResolver,delegated tool argv honors precedence and command tokens,--/OK,--/OK,OK/OK
BB-PLX-5,PipelineOptionResolver,print command outputs message once,--/OK,--/OK,OK/OK
BB-HLP-26,HelpGenerator > nestedCommandNames grouping,Separates native and nested commands [2026-02-22],--/OK,--/OK,OK/OK
BB-HLP-27,HelpGenerator > nestedCommandNames grouping,All commands native when no nested names [2026-02-22],--/OK,--/OK,OK/OK
BB-HLP-28,HelpGenerator > nestedCommandNames grouping,All commands nested when all names match [2026-02-22],--/OK,--/OK,OK/OK
BB-HLP-29,HelpGenerator > nestedCommandNames grouping,Hidden commands excluded from both sections [2026-02-22],--/OK,--/OK,OK/OK
BB-HLP-30,HelpGenerator > nestedCommandNames grouping,Command help hint shown with mixed commands [2026-02-22],--/OK,--/OK,OK/OK
BB-HLP-31,HelpGenerator > nestedCommandNames grouping,Native commands preserve aliases in output [2026-02-22],--/OK,--/OK,OK/OK
BB-HLP-32,HelpGenerator > nestedCommandNames grouping,Nested commands do not show aliases [2026-02-22],--/OK,--/OK,OK/OK
BB-HLP-33,HelpGenerator > nestedCommandNames grouping,Empty commands produces no sections [2026-02-22],--/OK,--/OK,OK/OK
BB-TDF-11b,ToolDefinition > constructor,Supports explicit pipelineName [2026-02-28],--/OK,--/OK,OK/OK
BB-MOD-01,Modes CLI Parsing,--modes flag parses single value [2026-06-15],--/OK,--/OK,OK/OK
BB-MOD-02,Modes CLI Parsing,--modes flag parses comma-separated values [2026-06-15],--/OK,--/OK,OK/OK
BB-MOD-03,Modes CLI Parsing,--modes defaults to empty [2026-06-15],--/OK,--/OK,OK/OK
BB-MOD-04,Modes CLI Parsing,multiple --modes flags concatenate [2026-06-15],--/OK,--/OK,OK/OK
BB-TDF-25,ToolDefinition.copyWith,Returns identical tool when no args [2026-02-27],--/OK,--/OK,OK/OK
BB-TDF-26,ToolDefinition.copyWith,Overrides name and version [2026-02-27],--/OK,--/OK,OK/OK
BB-TDF-27,ToolDefinition.copyWith,Overrides commands list [2026-02-27],--/OK,--/OK,OK/OK
BB-TDF-28,ToolDefinition.copyWith,Overrides mode and features [2026-02-27],--/OK,--/OK,OK/OK
BB-TDF-29,ToolDefinition.copyWith,Overrides natures [2026-02-27],--/OK,--/OK,OK/OK
BB-TDF-30,ToolDefinition.copyWith,Does not mutate the original [2026-02-27],--/OK,--/OK,OK/OK
BB-TDF-31,CommandListOps > without,Removes named commands [2026-02-27],--/OK,--/OK,OK/OK
BB-TDF-32,CommandListOps > without,Returns all when no names match [2026-02-27],--/OK,--/OK,OK/OK
BB-TDF-33,CommandListOps > without,Returns empty when all removed [2026-02-27],--/OK,--/OK,OK/OK
BB-TDF-34,CommandListOps > without,Does not modify original list [2026-02-27],--/OK,--/OK,OK/OK
BB-TDF-35,CommandListOps > replacing,Replaces command by name [2026-02-27],--/OK,--/OK,OK/OK
BB-TDF-36,CommandListOps > replacing,Keeps position of replaced command [2026-02-27],--/OK,--/OK,OK/OK
BB-TDF-37,CommandListOps > replacing,Returns unchanged when name not found [2026-02-27],--/OK,--/OK,OK/OK
BB-TDF-38,CommandListOps > plus,Appends new commands [2026-02-27],--/OK,--/OK,OK/OK
BB-TDF-39,CommandListOps > plus,Appends empty list unchanged [2026-02-27],--/OK,--/OK,OK/OK
BB-TDF-40,CommandListOps > chained operations,Chained without+replacing+plus [2026-02-27],--/OK,--/OK,OK/OK
BB-TDF-41,CommandListOps > chained operations,Used with copyWith for tool derivation [2026-02-27],--/OK,--/OK,OK/OK
BB-TDF-42,ToolWiringEntry,Standalone entry has binary as host command [2026-02-27],--/OK,--/OK,OK/OK
BB-TDF-43,ToolWiringEntry,Multi-command entry with command mapping [2026-02-27],--/OK,--/OK,OK/OK
BB-TDF-44,ToolWiringEntry,Multi-command entry with null commands [2026-02-27],--/OK,--/OK,OK/OK
BB-TDF-45,ToolWiringEntry,toString includes binary and mode [2026-02-27],--/OK,--/OK,OK/OK
BB-TDF-46,ToolWiringEntry,toString includes commands when present [2026-02-27],--/OK,--/OK,OK/OK
BB-NTE-1,NestedToolExecutor > buildNestedArgs,Minimal args for multi-command tool [2026-02-27],--/OK,--/OK,OK/OK
BB-TDF-47,ToolDefinition wiring fields,Defaults to no wiring [2026-02-27],--/OK,--/OK,OK/OK
BB-NTE-2,NestedToolExecutor > buildNestedArgs,Minimal args for standalone tool [2026-02-27],--/OK,--/OK,OK/OK
BB-TDF-48,ToolDefinition wiring fields,kAutoWiringFile enables hasWiring [2026-02-27],--/OK,--/OK,OK/OK
BB-NTE-3,NestedToolExecutor > buildNestedArgs,Forwards verbose and dry-run [2026-02-27],--/OK,--/OK,OK/OK
BB-TDF-49,ToolDefinition wiring fields,Explicit wiringFile enables hasWiring [2026-02-27],--/OK,--/OK,OK/OK
BB-TDF-50,ToolDefinition wiring fields,defaultIncludes enables hasWiring [2026-02-27],--/OK,--/OK,OK/OK
BB-TDF-51,ToolDefinition wiring fields,Both wiringFile and defaultIncludes [2026-02-27],--/OK,--/OK,OK/OK
BB-DEF-01,:define command,:define adds new define [2026-06-15],--/OK,--/OK,OK/OK
BB-NTE-4,NestedToolExecutor > buildNestedArgs,Forwards command-specific flag options [2026-02-27],--/OK,--/OK,OK/OK
BB-NTE-10,NestedToolExecutor > buildNestedArgs,Full invocation chain example [2026-02-27],--/OK,--/OK,OK/OK
spec,Mini-Tool Integration Tests > Placeholder Resolution,@[...] define placeholders resolved at load time,--/OK,OK/OK,--/OK
BB-FLT-38,RepositoryIdLookup,Repository ID resolution is case-insensitive [2026-02-14],--/OK,OK/OK,--/OK
BB-FLT-37,RepositoryIdLookup,Resolves known repository ID to name [2026-02-14],--/OK,OK/OK,--/OK
,,debug scanner with flutter exclusion,--/OK,OK/OK,--/OK
BB-V2-SCN-WS-1,BB-V2-SCN-WS: FolderScanner Workspace Boundaries [2026-02-14],stops at nested workspace (tom_workspace.yaml),--/OK,OK/OK,--/OK
BB-FLT-36,FilterPipeline.applyProjectFilters > Project exclude with ID and Name (--exclude-projects),Excludes by project name [2026-02-14],--/OK,OK/OK,--/OK
BB-FLT-35,FilterPipeline.applyProjectFilters > Project exclude with ID and Name (--exclude-projects),Excludes by project short-id [2026-02-14],--/OK,OK/OK,--/OK
BB-FLT-34,"FilterPipeline.applyProjectFilters > Project ID and Name filtering (--project, -p)","Mixed ID, name, and folder pattern [2026-02-14]",--/OK,OK/OK,--/OK
BB-FLT-33,"FilterPipeline.applyProjectFilters > Project ID and Name filtering (--project, -p)",Filters by multiple project IDs [2026-02-14],--/OK,OK/OK,--/OK
BB-NAT-36,Design specification: Detection Rules,TypeScriptFolder: tsconfig.json exists [2026-02-12],OK/OK,OK/OK,--/OK
BB-FLT-32,"FilterPipeline.applyProjectFilters > Project ID and Name filtering (--project, -p)",Filters by project name from tom_project.yaml [2026-02-14],--/OK,OK/OK,--/OK
BB-FLT-31,"FilterPipeline.applyProjectFilters > Project ID and Name filtering (--project, -p)",Filters by project short-id case-insensitive [2026-02-14],--/OK,OK/OK,--/OK
BB-FLT-30,"FilterPipeline.applyProjectFilters > Project ID and Name filtering (--project, -p)",Filters by project short-id from tom_project.yaml [2026-02-14],--/OK,OK/OK,--/OK
,MacroExpander > BB-MAC-07: missing arguments for placeholders,missing $2 argument throws error,--/OK,OK/OK,--/OK
BB-FLT-39,RepositoryIdLookup,Unknown ID returns unchanged [2026-02-14],--/OK,OK/OK,--/OK
,WorkspaceNavigationArgs modes,modes are included in withDefaults,--/OK,OK/OK,--/OK
,WorkspaceNavigationArgs modes,modes are included in copyWith,--/OK,OK/OK,--/OK
,WorkspaceNavigationArgs modes,parseModesOption parses comma-separated modes,--/OK,OK/OK,--/OK
,ProjectDiscovery skip files,getSkipFileName returns correct file name,--/OK,OK/OK,--/OK
,ProjectDiscovery skip files,hasSkipFile checks tool-specific skip,--/OK,OK/OK,--/OK
,ProjectDiscovery skip files,hasSkipFile checks tom_skip.yaml first,--/OK,OK/OK,--/OK
,resolvePlaceholders,resolves environment variables when enabled,--/OK,OK/OK,--/OK
spec,Mini-Tool Integration Tests > Resolution Order (from spec),resolution follows 6-step flow,--/OK,OK/OK,--/OK
,resolvePlaceholders,leaves unresolved placeholders,--/OK,OK/OK,--/OK
spec,Mini-Tool Integration Tests > Project Navigation with Modes,ProjectNavigator passes toolBasename for skip files,--/OK,OK/OK,--/OK
,resolvePlaceholders,resolves recursively,--/OK,OK/OK,--/OK
,resolvePlaceholders,resolves @{...} placeholders,--/OK,OK/OK,--/OK
,resolvePlaceholders,resolves @[...] placeholders,--/OK,OK/OK,--/OK
,ConfigLoader,shouldSkipDirectory checks tool-specific skip,--/OK,OK/OK,--/OK
,ConfigLoader,shouldSkipDirectory checks tom_skip.yaml,--/OK,OK/OK,--/OK
,ConfigLoader,resolves tool placeholders,--/OK,OK/OK,--/OK
,ConfigLoader,resolves define placeholders,--/OK,OK/OK,--/OK
spec,Mini-Tool Integration Tests > CLI Mode Override,modes are case-insensitive (uppercased),--/OK,OK/OK,--/OK
spec,Mini-Tool Integration Tests > CLI Mode Override,--modes= (empty) means no modes,--/OK,OK/OK,--/OK
spec,Mini-Tool Integration Tests > CLI Mode Override,--modes option parsed correctly,--/OK,OK/OK,--/OK
,ConfigLoader,processes mode-prefixed keys,--/OK,OK/OK,--/OK
,ConfigLoader,loads master and project config files,--/OK,OK/OK,--/OK
spec,Mini-Tool Integration Tests > Standalone Tool Configuration Inheritance,standalone tool inherits from parent tool config,--/OK,OK/OK,--/OK
spec,Mini-Tool Integration Tests > Skip Files,empty skip file is sufficient,--/OK,OK/OK,--/OK
spec,Mini-Tool Integration Tests > Skip Files,skip reason can be read from YAML,--/OK,OK/OK,--/OK
spec,Mini-Tool Integration Tests > Skip Files,{basename}_skip.yaml skips for specific tool only,--/OK,OK/OK,--/OK
spec,Mini-Tool Integration Tests > Skip Files,tom_skip.yaml skips directory for ALL tools,--/OK,OK/OK,--/OK
spec,Mini-Tool Integration Tests > Placeholder Resolution,env vars $[VAR] syntax for adjacent text,--/OK,OK/OK,--/OK
spec,Mini-Tool Integration Tests > Placeholder Resolution,env vars $VAR resolved when enabled,--/OK,OK/OK,--/OK
spec,Mini-Tool Integration Tests > Placeholder Resolution,unresolved placeholders remain unchanged,--/OK,OK/OK,--/OK
spec,Mini-Tool Integration Tests > Placeholder Resolution,recursive placeholder resolution (max depth 10),--/OK,OK/OK,--/OK
spec,Mini-Tool Integration Tests > Placeholder Resolution,@{...} tool placeholders resolved after mode processing,--/OK,OK/OK,--/OK
,MacroExpander > BB-MAC-07: missing arguments for placeholders,missing $1 argument throws error,--/OK,OK/OK,--/OK
spec,Mini-Tool Integration Tests > Mode Processing,CI mode as feature flag,--/OK,OK/OK,--/OK
spec,Mini-Tool Integration Tests > Mode Processing,multiple modes merge in order,--/OK,OK/OK,--/OK
spec,Mini-Tool Integration Tests > Mode Processing,DEV mode overrides base config,--/OK,OK/OK,--/OK
spec,Mini-Tool Integration Tests > Mode Processing,base config used when no modes active,--/OK,OK/OK,--/OK
BB-NAT-5,NatureDetector > Dart package detection,Detects DartPackageFolder for zom_test_package [2026-02-12],OK/OK,OK/OK,--/OK
BB-INT-21,Workspace VS Code Extension,Detects tom_vscode_extension as both VsCodeExtension and TypeS... [2026-02-12],OK/OK,OK/OK,--/OK
BB-FLT-40,RepositoryIdLookup,isRepositoryId identifies known IDs [2026-02-14],--/OK,OK/OK,--/OK
BB-INT-19,ProcessingResult,Tracks failed operations [2026-02-12],OK/OK,OK/OK,--/OK
BB-INT-18,ProcessingResult,Tracks successful operations [2026-02-12],OK/OK,OK/OK,--/OK
BB-INT-17,BuildBase.findProjects,Respects requiredNatures filter [2026-02-12],OK/OK,OK/OK,--/OK
BB-INT-16,BuildBase.findProjects,Respects exclude patterns [2026-02-12],OK/OK,OK/OK,--/OK
BB-INT-15,BuildBase.findProjects,Respects include patterns [2026-02-12],OK/OK,OK/OK,--/OK
BB-INT-14,BuildBase.findProjects,Returns CommandContext list without executing [2026-02-12],OK/OK,OK/OK,--/OK
BB-INT-13,BuildBase.traverse with GitTraversalInfo,OuterFirst mode processes outer repos before inner [2026-02-12],OK/OK,OK/OK,--/OK
BB-FLT-29,FolderSorter,SortByOuterFirst orders shallower paths first [2026-02-12],OK/OK,OK/OK,--/OK
BB-INT-12,BuildBase.traverse with GitTraversalInfo,InnerFirst mode processes inner repos before outer [2026-02-12],OK/OK,OK/OK,--/OK
BB-FLT-28,FolderSorter,SortByInnerFirst orders deeper paths first [2026-02-12],OK/OK,OK/OK,--/OK
BB-FLT-27,GitRepoFinder,Returns empty list for non-git folder [2026-02-12],OK/OK,OK/OK,--/OK
BB-FLT-26,GitRepoFinder,Finds submodules [2026-02-12],OK/OK,OK/OK,--/OK
BB-INT-11,BuildBase.traverse with GitTraversalInfo,Finds git repositories [2026-02-12],OK/OK,OK/OK,--/OK
BB-FLT-25,GitRepoFinder,Finds git repositories [2026-02-12],OK/OK,OK/OK,--/OK
BB-FLT-24,FolderScanner,Skips hidden directories [2026-02-12],OK/OK,OK/OK,--/OK
BB-INT-10,BuildBase.traverse with ProjectTraversalInfo,IncludeTestProjects includes BOTH regular and test projects [2026-02-12],OK/OK,OK/OK,--/OK
BB-FLT-23,FolderScanner,Respects recursionExclude patterns [2026-02-12],OK/OK,OK/OK,--/OK
BB-FLT-22,FolderScanner,Scans only root when recursive is false [2026-02-12],OK/OK,OK/OK,--/OK
BB-FLT-21,FolderScanner,Scans recursively when recursive is true [2026-02-12],OK/OK,OK/OK,--/OK
BB-FLT-20,FilterPipeline.applyGitFilters > Test project filter,Excludes zom_* by default in git mode [2026-02-12],OK/OK,OK/OK,--/OK
BB-FLT-19,FilterPipeline.applyGitFilters > Path exclude filter,Excludes paths matching pattern [2026-02-12],OK/OK,OK/OK,--/OK
BB-FLT-18,FilterPipeline.applyGitFilters > Skip modules filter (--skip-modules),Excludes specified modules [2026-02-12],OK/OK,OK/OK,--/OK
BB-FLT-17,"FilterPipeline.applyGitFilters > Module filter (--modules, -m)",Empty modules returns all [2026-02-12],OK/OK,OK/OK,--/OK
BB-FLT-16,"FilterPipeline.applyGitFilters > Module filter (--modules, -m)",Filters with multiple modules [2026-02-12],OK/OK,OK/OK,--/OK
BB-FLT-15,"FilterPipeline.applyGitFilters > Module filter (--modules, -m)",Filters to specified modules [2026-02-12],OK/OK,OK/OK,--/OK
BB-INT-9,BuildBase.traverse with ProjectTraversalInfo,TestProjectsOnly finds ALL test project types including TypeSc... [2026-02-12],OK/OK,OK/OK,--/OK
BB-INT-8,BuildBase.traverse with ProjectTraversalInfo,TestProjectsOnly filters to only zom_* projects [2026-02-12],OK/OK,OK/OK,--/OK
BB-INT-7,BuildBase.traverse with ProjectTraversalInfo,Excludes test projects by default [2026-02-12],OK/OK,OK/OK,--/OK
BB-INT-6,BuildBase.traverse with ProjectTraversalInfo,Finds VS Code extensions with VsCodeExtensionFolder nature [2026-02-12],OK/OK,OK/OK,--/OK
BB-FLT-14,FilterPipeline.applyProjectFilters > Combined filters,Path exclude + name include works together [2026-02-12],OK/OK,OK/OK,--/OK
BB-FLT-13,FilterPipeline.applyProjectFilters > Combined filters,Include + exclude works together [2026-02-12],OK/OK,OK/OK,--/OK
BB-FLT-12,"FilterPipeline.applyProjectFilters > Test project filter (--test, --test-only)",TestProjectsOnly returns only zom_* folders (--test-only) [2026-02-12],OK/OK,OK/OK,--/OK
BB-FLT-11,"FilterPipeline.applyProjectFilters > Test project filter (--test, --test-only)",IncludeTestProjects keeps both regular AND test projects [2026-02-12],OK/OK,OK/OK,--/OK
BB-FLT-10,"FilterPipeline.applyProjectFilters > Test project filter (--test, --test-only)",Includes zom_* with includeTestProjects (--test) [2026-02-12],OK/OK,OK/OK,--/OK
BB-FLT-9,"FilterPipeline.applyProjectFilters > Test project filter (--test, --test-only)",Excludes zom_* by default [2026-02-12],OK/OK,OK/OK,--/OK
BB-FLT-8,FilterPipeline.applyProjectFilters > Project name exclude filter (--exclude-projects),Excludes with glob pattern [2026-02-12],OK/OK,OK/OK,--/OK
BB-INT-5,BuildBase.traverse with ProjectTraversalInfo,Finds TypeScript projects with TypeScriptFolder nature [2026-02-12],OK/OK,OK/OK,--/OK
BB-FLT-7,FilterPipeline.applyProjectFilters > Project name exclude filter (--exclude-projects),Excludes specific project names [2026-02-12],OK/OK,OK/OK,--/OK
BB-CLI-13,CliArgs > toGitTraversalInfo,Defaults to innerFirst git mode [2026-02-12],OK/OK,--/OK,--/OK
BB-FLT-5,"FilterPipeline.applyProjectFilters > Path exclude filter (--exclude, -x)",Excludes paths matching pattern [2026-02-12],OK/OK,OK/OK,--/OK
BB-FLT-4,"FilterPipeline.applyProjectFilters > Project include filter (--project, -p)",Empty patterns returns all folders [2026-02-12],OK/OK,OK/OK,--/OK
BB-FLT-3,"FilterPipeline.applyProjectFilters > Project include filter (--project, -p)",Filters with multiple patterns [2026-02-12],OK/OK,OK/OK,--/OK
BB-FLT-2,"FilterPipeline.applyProjectFilters > Project include filter (--project, -p)",Filters with exact name match [2026-02-12],OK/OK,OK/OK,--/OK
BB-FLT-1,"FilterPipeline.applyProjectFilters > Project include filter (--project, -p)",Filters to matching project names [2026-02-12],OK/OK,OK/OK,--/OK
BB-INT-4,BuildBase.traverse with ProjectTraversalInfo,Finds packages specifically [2026-02-12],OK/OK,OK/OK,--/OK
BB-INT-3,BuildBase.traverse with ProjectTraversalInfo,Finds console apps specifically [2026-02-12],OK/OK,OK/OK,--/OK
BB-INT-2,BuildBase.traverse with ProjectTraversalInfo,Finds Flutter projects specifically [2026-02-12],OK/OK,OK/OK,--/OK
BB-NAT-38,Design specification: Detection Rules,BUG: Dart project without bin/ or lib/src/ should NOT be DartP... [2026-02-12],OK/OK,OK/OK,--/OK
BB-NAT-37,Design specification: Detection Rules,TomBuildFolder: tom_project.yaml exists [2026-02-12],OK/OK,OK/OK,--/OK
BB-NAT-12,NatureDetector > Git folder detection,Detects GitFolder for workspace root [2026-02-12],OK/OK,OK/OK,--/OK
BB-NAT-35,Design specification: Detection Rules,VsCodeExtensionFolder: package.json contains engines.vscode [2026-02-12],OK/OK,OK/OK,--/OK
BB-NAT-34,Design specification: Detection Rules,DartPackageFolder: pubspec.yaml exists AND lib/src/ exists [2026-02-12],OK/OK,OK/OK,--/OK
BB-NAT-33,Design specification: Detection Rules,DartConsoleFolder: pubspec.yaml exists AND bin/ exists [2026-02-12],OK/OK,OK/OK,--/OK
BB-NAT-32,Design specification: Detection Rules,FlutterProjectFolder: pubspec.yaml contains sdk: flutter [2026-02-12],OK/OK,OK/OK,--/OK
BB-NAT-31,Design specification: Detection Rules,DartProjectFolder: pubspec.yaml exists [2026-02-12],OK/OK,OK/OK,--/OK
BB-NAT-30,Design specification: Detection Rules,GitFolder: .git/ directory or .git file exists [2026-02-12],OK/OK,OK/OK,--/OK
BB-NAT-29,TypeScriptFolder static methods,IsTypeScriptProject returns false for Dart projects [2026-02-12],OK/OK,OK/OK,--/OK
BB-NAT-28,TypeScriptFolder static methods,IsTypeScriptProject returns true for TS projects [2026-02-12],OK/OK,OK/OK,--/OK
BB-NAT-27,VsCodeExtensionFolder static methods,IsVsCodeExtension returns false for regular TS projects [2026-02-12],OK/OK,OK/OK,--/OK
BB-NAT-26,VsCodeExtensionFolder static methods,IsVsCodeExtension returns true for extensions [2026-02-12],OK/OK,OK/OK,--/OK
BB-NAT-25,GitFolder static methods,IsGitFolder returns false for non-git folders [2026-02-12],OK/OK,OK/OK,--/OK
BB-NAT-24,GitFolder static methods,IsGitFolder returns true for git repos [2026-02-12],OK/OK,OK/OK,--/OK
BB-NAT-23,DartProjectFolder static methods,IsDartProject returns false for non-Dart projects [2026-02-12],OK/OK,OK/OK,--/OK
BB-NAT-22,DartProjectFolder static methods,IsDartProject returns true for Dart projects [2026-02-12],OK/OK,OK/OK,--/OK
BB-NAT-21,NatureDetector > Nature type hierarchy,All nature types extend RunFolder [2026-02-12],OK/OK,OK/OK,--/OK
BB-NAT-20,NatureDetector > Nature type hierarchy,DartPackageFolder is a DartProjectFolder [2026-02-12],OK/OK,OK/OK,--/OK
BB-NAT-19,NatureDetector > Nature type hierarchy,DartConsoleFolder is a DartProjectFolder [2026-02-12],OK/OK,OK/OK,--/OK
BB-NAT-18,NatureDetector > Nature type hierarchy,FlutterProjectFolder is a DartProjectFolder [2026-02-12],OK/OK,OK/OK,--/OK
BB-NAT-17,NatureDetector > Non-project folders,Empty folder has no project natures [2026-02-12],OK/OK,OK/OK,--/OK
BB-NAT-16,NatureDetector > Multiple natures,VS Code extension has multiple natures [2026-02-12],OK/OK,OK/OK,--/OK
BB-NAT-15,NatureDetector > Multiple natures,Folder can have multiple natures [2026-02-12],OK/OK,OK/OK,--/OK
BB-NAT-14,NatureDetector > TomBuildFolder detection,Detects TomBuildFolder when tom_project.yaml exists [2026-02-12],OK/OK,OK/OK,--/OK
BB-NAT-13,NatureDetector > Git folder detection,GitFolder has branch information [2026-02-12],OK/OK,OK/OK,--/OK
BB-INT-1,BuildBase.traverse with ProjectTraversalInfo,Finds Dart projects with DartProjectFolder nature [2026-02-12],OK/OK,OK/OK,--/OK
BB-INT-20,ProcessingResult,Tracks errors [2026-02-12],OK/OK,OK/OK,--/OK
BB-NAT-11,NatureDetector > TypeScript project detection,Zom_extension also has TypeScriptFolder nature [2026-02-12],OK/OK,OK/OK,--/OK
BB-NAT-10,NatureDetector > TypeScript project detection,Detects TypeScriptFolder for zom_typescript [2026-02-12],OK/OK,OK/OK,--/OK
BB-NAT-9,NatureDetector > VS Code extension detection,VsCodeExtensionFolder has correct metadata [2026-02-12],OK/OK,OK/OK,--/OK
BB-NAT-8,NatureDetector > VS Code extension detection,Detects VsCodeExtensionFolder for zom_extension [2026-02-12],OK/OK,OK/OK,--/OK
BB-NAT-7,NatureDetector > Dart package detection,DartPackageFolder requires lib/src/ per design spec [2026-02-12],OK/OK,OK/OK,--/OK
BB-NAT-6,NatureDetector > Dart package detection,DartPackageFolder has correct metadata [2026-02-12],OK/OK,OK/OK,--/OK
BB-INT-22,Workspace VS Code Extension,Traverse finds VS Code extension with TypeScriptFolder nature [2026-02-12],OK/OK,OK/OK,--/OK
BB-NAT-4,NatureDetector > Dart console app detection,DartConsoleFolder has executables [2026-02-12],OK/OK,OK/OK,--/OK
BB-NAT-3,NatureDetector > Dart console app detection,Detects DartConsoleFolder for zom_test_standalone [2026-02-12],OK/OK,OK/OK,--/OK
BB-NAT-2,NatureDetector > Flutter project detection,FlutterProjectFolder has correct metadata [2026-02-12],OK/OK,OK/OK,--/OK
BB-NAT-1,NatureDetector > Flutter project detection,Detects FlutterProjectFolder for zom_test_flutter [2026-02-12],OK/OK,OK/OK,--/OK
BB-FLT-6,"FilterPipeline.applyProjectFilters > Path exclude filter (--exclude, -x)",Excludes multiple patterns [2026-02-12],OK/OK,OK/OK,--/OK
